kategori,parca,uretici_kodu,adet_kartbasina,birim_fiyat_usd_adet1,birim_fiyat_usd_adet1000,tedarik_notu
LNA Op-Amp,Ultra dusuk gurultulu genis bant op-amp,Texas Instruments OPA656U,1,3.40,2.15,SOIC-8, 230 MHz GBW
Log Dedektor,92 dB dinamik aralikli demodulator,Analog Devices AD8307ARZ,1,5.80,3.90,SOIC-8, DC - 500 MHz
Karsilastirici,4.5 ns yuksek hizli karsilastirici,Texas Instruments TLV3501AIDBVR,1,1.75,1.10,SOT-23-6
ADC,12-bit 2 MSPS kucuk SAR ADC,Texas Instruments ADS7049QDCURQ1,1,2.10,1.35,VSSOP-8, SPI arayuz
Koruma,Ultra dusuk kapasitansli TVS (0.35pF),Semtech RCLAMP0502A.TCT,2,0.40,0.20,SOT-23, HF giris korumasi
LC Filtre,Yuksek Q seramik bobin ve kapasitor grubu,Murata LQW18AN & Murata GJM1555C,6,0.15,0.06,0603 paket, 5. derece Chebyshev
Konnektor,SMA disi dik acili PCB konnektor,Amphenol Connex 132134,1,1.60,0.95,HFCT sensor girisi
Klemens,4 kutuplu 3.5mm vidali klemens,Phoenix Contact MC 1.5/4-ST-3.5,1,0.65,0.38,Pano Beyni SPI/Guc baglantisi
PCB,4 katmanli empedans kontrollu (50 ohm) PCB,-- (yerli uretici),1,2.80,1.20,FR4 High-TG
Toplam,,,,,,Adet 1: ~18.80 USD/kart; Adet 1000: ~11.35 USD/kart
