ts,seq,i_ph_max,i_n,thd_i_mean,t_low_c,td_margin_k,worst_point,worst_dt_c,max_k_ratio,min_ttl_h,target_dt_c,target_k_ratio,q_any,pd_pps,risk_score,risk_mode,alarms
2026-07-06T00:15:00+00:00,1,637.6,108,7.17,36.75,8.06,DSYA4_L1,4.27,1,,,,0,0,0,HYP-NORMAL,
2026-07-06T00:30:00+00:00,2,623.5,106,7.19,36.6,7.97,DSYA4_L1,5.64,1,,,,0,0,0,HYP-NORMAL,
2026-07-06T00:45:00+00:00,3,612.1,104.4,7.21,36.47,7.88,DSYA4_L1,5.29,1,,,,0,0,0,HYP-NORMAL,
2026-07-06T01:00:00+00:00,4,593.4,101.4,7.24,36.35,7.79,DSYA4_L1,5.18,1,,,,0,0,0,HYP-NORMAL,
2026-07-06T01:15:00+00:00,5,580.7,99.7,7.26,36.24,7.72,DSYA4_L1,4.97,1,,,,0,0,0,HYP-NORMAL,
2026-07-06T01:30:00+00:00,6,569.6,98.1,7.28,36.14,7.66,DSYA7_L1,5.14,1,,,,0,0,0,HYP-NORMAL,
2026-07-06T01:45:00+00:00,7,560.3,96.9,7.29,36.06,7.61,DSYA3_L1,4.64,1,,,,0,0,0,HYP-NORMAL,
2026-07-06T02:00:00+00:00,8,550.3,95.1,7.31,35.99,7.56,DSYA7_L1,4.59,1,,,,0,0,0,HYP-NORMAL,
2026-07-06T02:15:00+00:00,9,547.5,94.6,7.31,35.94,7.53,DSYA3_L1,4.39,1,,,,0,0,0,HYP-NORMAL,
2026-07-06T02:30:00+00:00,10,545.6,94.3,7.32,35.9,7.5,DSYA3_L1,4.27,1,,,,0,0,0,HYP-NORMAL,
2026-07-06T02:45:00+00:00,11,544.7,94.5,7.32,35.88,7.49,DSYA7_L1,4.31,1,,,,0,0,0,HYP-NORMAL,
2026-07-06T03:00:00+00:00,12,540.8,94,7.33,35.87,7.48,DSYA3_L1,4.29,1,,,,0,0,0,HYP-NORMAL,
2026-07-06T03:15:00+00:00,13,535,92.9,7.33,35.88,7.49,DSYA4_L1,4.26,1,,,,0,0,0,HYP-NORMAL,
2026-07-06T03:30:00+00:00,14,532.5,92.5,7.34,35.9,7.5,DSYA7_L1,4.33,1,,,,0,0,0,HYP-NORMAL,
2026-07-06T03:45:00+00:00,15,530.8,92.4,7.34,35.94,7.53,DSYA3_L1,4.09,1,,,,0,0,0,HYP-NORMAL,
2026-07-06T04:00:00+00:00,16,532.9,92.7,7.34,35.99,7.56,DSYA3_L1,4.2,1,,,,0,0,0,HYP-NORMAL,
2026-07-06T04:15:00+00:00,17,543.7,94.5,7.32,36.06,7.61,DSYA3_L1,4.23,1,,,,0,0,0,HYP-NORMAL,
2026-07-06T04:30:00+00:00,18,550.1,95.2,7.31,36.14,7.66,DSYA3_L1,4.2,1,,,,0,0,0,HYP-NORMAL,
2026-07-06T04:45:00+00:00,19,561.7,97,7.29,36.24,7.72,DSYA4_L1,4.29,1,,,,0,0,0,HYP-NORMAL,
2026-07-06T05:00:00+00:00,20,571.7,98.2,7.27,36.35,7.79,DSYA4_L1,4.36,1,,,,0,0,0,HYP-NORMAL,
2026-07-06T05:15:00+00:00,21,611.2,104.4,7.21,36.47,7.88,DSYA4_L1,4.69,1,,,,0,0,0,HYP-NORMAL,
2026-07-06T05:30:00+00:00,22,651.8,110.9,7.14,36.6,7.97,DSYA4_L1,5.06,1,,,,0,0,0,HYP-NORMAL,
2026-07-06T05:45:00+00:00,23,702.4,118.9,7.06,36.75,8.06,DSYA4_L1,5.96,1,,,,0,0,0,HYP-NORMAL,
2026-07-06T06:00:00+00:00,24,737.9,123.1,7,36.91,8.17,DSYA4_L1,6.92,1,,,,0,0,0,HYP-NORMAL,
2026-07-06T06:15:00+00:00,25,870.5,141.7,6.79,37.08,8.29,DSYA4_L1,7.25,1,,,,0,0,0,HYP-NORMAL,
2026-07-06T06:30:00+00:00,26,1003,158,6.57,37.26,8.41,DSYA4_L1,9.91,1,,,,0,0,0,HYP-NORMAL,
2026-07-06T06:45:00+00:00,27,1134,174.6,6.35,37.45,8.54,DSYA4_L1,12.97,1,,,,0,0,0,HYP-NORMAL,
2026-07-06T07:00:00+00:00,28,1268,189.6,6.13,37.64,8.68,DSYA4_L1,17.07,1,,,,0,0,0,HYP-NORMAL,
2026-07-06T07:15:00+00:00,29,1396,203.8,5.92,37.85,8.82,DSYA4_L1,20.78,1,,,,0,0,0,HYP-NORMAL,
2026-07-06T07:30:00+00:00,30,1538,220.2,5.7,38.06,8.97,DSYA4_L1,25.48,1,,,,0,0,0,HYP-NORMAL,
2026-07-06T07:45:00+00:00,31,1661,233.8,5.5,38.28,9.12,DSYA4_L1,31.37,1,,,,0,0,0,HYP-NORMAL,
2026-07-06T08:00:00+00:00,32,1787,249.5,5.3,38.5,9.28,DSYA4_L1,36.39,1,,,,0,0,0,HYP-NORMAL,ALM-PANEL-TEMP
2026-07-06T08:15:00+00:00,33,1834,254,5.22,38.73,9.45,DSYA4_L1,42.87,1,,,,0,0,0,HYP-NORMAL,ALM-PANEL-TEMP
2026-07-06T08:30:00+00:00,34,1869,256.6,5.17,38.96,9.62,DSYA4_L1,46.04,1,,,,0,0,0,HYP-NORMAL,ALM-PANEL-TEMP
2026-07-06T08:45:00+00:00,35,1909,259.9,5.1,39.19,9.79,DSYA4_L1,48.14,1,,,,0,0,0,HYP-NORMAL,ALM-PANEL-TEMP
2026-07-06T09:00:00+00:00,36,1960,266.2,5.02,39.42,9.96,DSYA4_L1,49.84,1,,,,0,0,0,HYP-NORMAL,ALM-PANEL-TEMP
2026-07-06T09:15:00+00:00,37,1957,265.4,5.02,39.65,10.14,DSYA4_L1,52.8,1,,,,0,0,0,HYP-NORMAL,ALM-THR-TERM-WARN;ALM-PANEL-TEMP
2026-07-06T09:30:00+00:00,38,1949,264.5,5.04,39.88,10.31,DSYA4_L1,53.66,1,,,,0,0,20,HYP-LOOSE-CONN,ALM-THR-TERM-WARN;ALM-THR-PHASE-DIF;ALM-PANEL-TEMP
2026-07-06T09:45:00+00:00,39,1942,264.3,5.05,40.11,10.49,DSYA4_L1,53.32,1,,,,0,0,20,HYP-LOOSE-CONN,ALM-THR-TERM-WARN;ALM-THR-PHASE-DIF;ALM-PANEL-TEMP
2026-07-06T10:00:00+00:00,40,1928,260.9,5.07,40.34,10.66,DSYA4_L1,52.92,1,,,,0,0,20,HYP-LOOSE-CONN,ALM-THR-TERM-WARN;ALM-THR-PHASE-DIF;ALM-PANEL-TEMP
2026-07-06T10:15:00+00:00,41,1946,263.8,5.04,40.56,10.84,DSYA4_L1,52.16,1,,,,0,0,20,HYP-LOOSE-CONN,ALM-THR-TERM-WARN;ALM-THR-PHASE-DIF;ALM-PANEL-TEMP
2026-07-06T10:30:00+00:00,42,1960,266.1,5.02,40.78,11.01,DSYA4_L1,52.4,1,,,,0,0,20,HYP-LOOSE-CONN,ALM-THR-TERM-WARN;ALM-THR-PHASE-DIF;ALM-PANEL-TEMP
2026-07-06T10:45:00+00:00,43,1972,268.8,5,40.99,11.18,DSYA4_L1,53.26,1,,,,0,0,20,HYP-LOOSE-CONN,ALM-THR-TERM-WARN;ALM-THR-PHASE-DIF;ALM-PANEL-TEMP
2026-07-06T11:00:00+00:00,44,1974,272,5,41.19,11.35,DSYA4_L1,53.63,1,,,,0,0,20,HYP-LOOSE-CONN,ALM-THR-TERM-WARN;ALM-THR-PHASE-DIF;ALM-PANEL-TEMP
2026-07-06T11:15:00+00:00,45,1986,276,4.99,41.39,11.51,DSYA4_L1,54.33,1,,,,0,0,20,HYP-LOOSE-CONN,ALM-THR-TERM-WARN;ALM-THR-PHASE-DIF;ALM-PANEL-TEMP
2026-07-06T11:30:00+00:00,46,1994,276.8,4.98,41.58,11.66,DSYA4_L1,55.03,1,,,,0,0,20,HYP-LOOSE-CONN,ALM-THR-TERM-WARN;ALM-THR-PHASE-DIF;ALM-PANEL-TEMP
2026-07-06T11:45:00+00:00,47,1980,276.1,5,41.76,11.81,DSYA4_L1,55.52,1,,,,0,0,20,HYP-LOOSE-CONN,ALM-THR-TERM-WARN;ALM-THR-PHASE-DIF;ALM-PANEL-TEMP
2026-07-06T12:00:00+00:00,48,1967,275.9,5.02,41.93,11.95,DSYA4_L1,54.84,1,,,,0,0,20,HYP-LOOSE-CONN,ALM-THR-TERM-WARN;ALM-THR-PHASE-DIF;ALM-PANEL-TEMP
2026-07-06T12:15:00+00:00,49,1949,275.6,5.06,42.09,12.09,DSYA4_L1,54.56,1,,,,0,0,20,HYP-LOOSE-CONN,ALM-THR-TERM-WARN;ALM-THR-PHASE-DIF;ALM-PANEL-TEMP
2026-07-06T12:30:00+00:00,50,1932,276.3,5.09,42.23,12.21,DSYA4_L1,53.51,1,,,,0,0,20,HYP-LOOSE-CONN,ALM-THR-TERM-WARN;ALM-THR-PHASE-DIF;ALM-PANEL-TEMP
2026-07-06T12:45:00+00:00,51,1905,273.9,5.13,42.37,12.33,DSYA3_L1,52.83,1,,,,0,0,20,HYP-LOOSE-CONN,ALM-THR-TERM-WARN;ALM-THR-PHASE-DIF;ALM-PANEL-TEMP
2026-07-06T13:00:00+00:00,52,1889,274.9,5.16,42.49,12.43,DSYA3_L1,51.69,1,,,,0,0,20,HYP-LOOSE-CONN,ALM-THR-TERM-WARN;ALM-THR-PHASE-DIF;ALM-PANEL-TEMP
2026-07-06T13:15:00+00:00,53,1904,278.7,5.14,42.6,12.53,DSYA3_L1,51.23,1,,,,0,0,20,HYP-LOOSE-CONN,ALM-THR-TERM-WARN;ALM-THR-PHASE-DIF;ALM-PANEL-TEMP
2026-07-06T13:30:00+00:00,54,1922,279.4,5.11,42.7,12.61,DSYA3_L1,50.89,1,,,,0,0,20,HYP-LOOSE-CONN,ALM-THR-TERM-WARN;ALM-THR-PHASE-DIF;ALM-PANEL-TEMP
2026-07-06T13:45:00+00:00,55,1945,285.6,5.08,42.78,12.68,DSYA4_L1,51.5,1,,,,0,0,20,HYP-LOOSE-CONN,ALM-THR-TERM-WARN;ALM-THR-PHASE-DIF;ALM-PANEL-TEMP
2026-07-06T14:00:00+00:00,56,1952,286.7,5.07,42.85,12.74,DSYA4_L1,52.54,1,,,,0,0,20,HYP-LOOSE-CONN,ALM-THR-TERM-WARN;ALM-THR-PHASE-DIF;ALM-PANEL-TEMP
2026-07-06T14:15:00+00:00,57,1977,291.2,5.03,42.9,12.78,DSYA4_L1,53.43,1,,,,0,0,20,HYP-LOOSE-CONN,ALM-THR-TERM-WARN;ALM-THR-PHASE-DIF;ALM-PANEL-TEMP
2026-07-06T14:30:00+00:00,58,1996,291.8,5,42.94,12.82,DSYA4_L1,54.01,1,,,,0,0,20,HYP-LOOSE-CONN,ALM-THR-TERM-WARN;ALM-THR-PHASE-DIF;ALM-PANEL-TEMP
2026-07-06T14:45:00+00:00,59,2015,295,4.97,42.96,12.84,DSYA4_L1,55.62,1,,,,0,0,20,HYP-LOOSE-CONN,ALM-THR-TERM-WARN;ALM-THR-PHASE-DIF;ALM-PANEL-TEMP
2026-07-06T15:00:00+00:00,60,2045,299.7,4.92,42.97,12.84,DSYA4_L1,56.17,1,,,,0,0,20,HYP-LOOSE-CONN,ALM-THR-TERM-WARN;ALM-THR-PHASE-DIF;ALM-PANEL-TEMP
2026-07-06T15:15:00+00:00,61,2049,299.9,4.92,42.96,12.84,DSYA4_L1,58.12,1,,,,0,0,20,HYP-LOOSE-CONN,ALM-THR-TERM-WARN;ALM-THR-PHASE-DIF;ALM-PANEL-TEMP
2026-07-06T15:30:00+00:00,62,2053,298.7,4.91,42.94,12.82,DSYA4_L1,58.64,1,,,,0,0,20,HYP-LOOSE-CONN,ALM-THR-TERM-WARN;ALM-THR-PHASE-DIF;ALM-PANEL-TEMP
2026-07-06T15:45:00+00:00,63,2061,301.9,4.9,42.9,12.78,DSYA4_L1,59.07,1,,,,0,0,20,HYP-LOOSE-CONN,ALM-THR-TERM-WARN;ALM-THR-PHASE-DIF;ALM-PANEL-TEMP
2026-07-06T16:00:00+00:00,64,2055,301,4.91,42.85,12.74,DSYA4_L1,59.27,1,,,,0,0,20,HYP-LOOSE-CONN,ALM-THR-TERM-WARN;ALM-THR-PHASE-DIF;ALM-PANEL-TEMP
2026-07-06T16:15:00+00:00,65,2059,299.3,4.9,42.78,12.68,DSYA4_L1,59.15,1,,,,0,0,20,HYP-LOOSE-CONN,ALM-THR-TERM-WARN;ALM-THR-PHASE-DIF;ALM-PANEL-TEMP
2026-07-06T16:30:00+00:00,66,2046,296.9,4.92,42.7,12.61,DSYA4_L1,59.26,1,,,,0,0,20,HYP-LOOSE-CONN,ALM-THR-TERM-WARN;ALM-THR-PHASE-DIF;ALM-PANEL-TEMP
2026-07-06T16:45:00+00:00,67,2031,295,4.94,42.6,12.53,DSYA4_L1,58.69,1,,,,0,0,20,HYP-LOOSE-CONN,ALM-THR-TERM-WARN;ALM-THR-PHASE-DIF;ALM-PANEL-TEMP
2026-07-06T17:00:00+00:00,68,2030,294.7,4.94,42.49,12.43,DSYA4_L1,58.02,1,,,,0,0,20,HYP-LOOSE-CONN,ALM-THR-TERM-WARN;ALM-THR-PHASE-DIF;ALM-PANEL-TEMP
2026-07-06T17:15:00+00:00,69,2004,294.1,4.99,42.37,12.33,DSYA3_L1,57.68,1,,,,0,0,20,HYP-LOOSE-CONN,ALM-THR-TERM-WARN;ALM-THR-PHASE-DIF;ALM-PANEL-TEMP
2026-07-06T17:30:00+00:00,70,1974,290,5.03,42.23,12.21,DSYA3_L1,56.8,1,,,,0,0,20,HYP-LOOSE-CONN,ALM-THR-TERM-WARN;ALM-THR-PHASE-DIF;ALM-PANEL-TEMP
2026-07-06T17:45:00+00:00,71,1948,287.2,5.08,42.09,12.09,DSYA3_L1,55.55,1,,,,0,0,20,HYP-LOOSE-CONN,ALM-THR-TERM-WARN;ALM-THR-PHASE-DIF;ALM-PANEL-TEMP
2026-07-06T18:00:00+00:00,72,1920,286.2,5.12,41.93,11.95,DSYA3_L1,54.26,1,,,,0,0,20,HYP-LOOSE-CONN,ALM-THR-TERM-WARN;ALM-THR-PHASE-DIF;ALM-PANEL-TEMP
2026-07-06T18:15:00+00:00,73,1884,281.1,5.18,41.76,11.81,DSYA7_L1,53,1,,,,0,0,20,HYP-LOOSE-CONN,ALM-THR-TERM-WARN;ALM-THR-PHASE-DIF;ALM-PANEL-TEMP
2026-07-06T18:30:00+00:00,74,1864,278.7,5.21,41.58,11.66,DSYA7_L1,51.54,1,,,,0,0,20,HYP-LOOSE-CONN,ALM-THR-TERM-WARN;ALM-THR-PHASE-DIF;ALM-PANEL-TEMP
2026-07-06T18:45:00+00:00,75,1829,272.7,5.26,41.39,11.51,DSYA7_L1,50.05,1,,,,0,0,20,HYP-LOOSE-CONN,ALM-THR-TERM-WARN;ALM-THR-PHASE-DIF;ALM-PANEL-TEMP
2026-07-06T19:00:00+00:00,76,1803,268.8,5.3,41.19,11.35,DSYA7_L1,48.41,1,,,,0,0,20,HYP-LOOSE-CONN,ALM-THR-PHASE-DIF;ALM-PANEL-TEMP
2026-07-06T19:15:00+00:00,77,1819,272.9,5.28,40.99,11.18,DSYA3_L1,47.1,1,,,,0,0,20,HYP-LOOSE-CONN,ALM-THR-PHASE-DIF;ALM-PANEL-TEMP
2026-07-06T19:30:00+00:00,78,1840,276.1,5.25,40.78,11.01,DSYA3_L1,46.66,1,,,,0,0,20,HYP-LOOSE-CONN,ALM-THR-PHASE-DIF;ALM-PANEL-TEMP
2026-07-06T19:45:00+00:00,79,1851,277.4,5.23,40.56,10.84,DSYA4_L1,47.11,1,,,,0,0,20,HYP-LOOSE-CONN,ALM-THR-PHASE-DIF;ALM-PANEL-TEMP
2026-07-06T20:00:00+00:00,80,1858,279,5.22,40.34,10.66,DSYA4_L1,47.45,1,,,,0,0,20,HYP-LOOSE-CONN,ALM-THR-PHASE-DIF;ALM-PANEL-TEMP
2026-07-06T20:15:00+00:00,81,1821,276.8,5.28,40.11,10.49,DSYA4_L1,48.2,1,,,,0,0,20,HYP-LOOSE-CONN,ALM-THR-PHASE-DIF;ALM-PANEL-TEMP
2026-07-06T20:30:00+00:00,82,1796,273.9,5.33,39.88,10.31,DSYA3_L1,46.89,1,,,,0,0,20,HYP-LOOSE-CONN,ALM-THR-PHASE-DIF;ALM-PANEL-TEMP
2026-07-06T20:45:00+00:00,83,1747,265.8,5.4,39.65,10.14,DSYA3_L1,46.06,1,,,,0,0,20,HYP-LOOSE-CONN,ALM-THR-PHASE-DIF;ALM-PANEL-TEMP
2026-07-06T21:00:00+00:00,84,1715,260,5.45,39.42,9.96,DSYA7_L1,44.39,1,,,,0,0,20,HYP-LOOSE-CONN,ALM-THR-PHASE-DIF;ALM-PANEL-TEMP
2026-07-06T21:15:00+00:00,85,1642,246.9,5.56,39.19,9.79,DSYA3_L1,43.02,1,,,,0,0,20,HYP-LOOSE-CONN,ALM-THR-PHASE-DIF
2026-07-06T21:30:00+00:00,86,1580,238.1,5.65,38.96,9.62,DSYA3_L1,40.9,1,,,,0,0,0,HYP-NORMAL,
2026-07-06T21:45:00+00:00,87,1508,229.2,5.77,38.73,9.45,DSYA7_L1,37.85,1,,,,0,0,0,HYP-NORMAL,
2026-07-06T22:00:00+00:00,88,1444,221.1,5.87,38.5,9.28,DSYA7_L1,35.49,1,,,,0,0,0,HYP-NORMAL,
2026-07-06T22:15:00+00:00,89,1343,207.9,6.03,38.28,9.12,DSYA3_L1,32.62,1,,,,0,0,0,HYP-NORMAL,
2026-07-06T22:30:00+00:00,90,1235,194.7,6.21,38.06,8.97,DSYA3_L1,29.83,1,,,,0,0,0,HYP-NORMAL,
2026-07-06T22:45:00+00:00,91,1133,181.3,6.37,37.85,8.82,DSYA7_L1,26.15,1,,,,0,0,0,HYP-NORMAL,
2026-07-06T23:00:00+00:00,92,1026,167.7,6.54,37.64,8.68,DSYA3_L1,22.84,1,,,,0,0,0,HYP-NORMAL,
2026-07-06T23:15:00+00:00,93,928.1,152.8,6.7,37.45,8.54,DSYA7_L1,19.25,1,,,,0,0,0,HYP-NORMAL,
2026-07-06T23:30:00+00:00,94,834.9,139.9,6.85,37.26,8.41,DSYA3_L1,16.4,1,,,,0,0,0,HYP-NORMAL,
2026-07-06T23:45:00+00:00,95,741,126.7,7.01,37.08,8.29,DSYA7_L1,13.81,1,,,,0,0,0,HYP-NORMAL,
2026-07-07T00:00:00+00:00,96,644.4,111.3,7.16,37.01,8.24,DSYA3_L1,11.43,1,,,,0,0,0,HYP-NORMAL,
2026-07-07T00:15:00+00:00,97,625.1,108.5,7.19,36.85,8.13,DSYA7_L1,9.02,1,,,,0,0,0,HYP-NORMAL,
2026-07-07T00:30:00+00:00,98,609.8,106.6,7.22,36.71,8.03,DSYA7_L1,7.64,1,,,,0,0,0,HYP-NORMAL,
2026-07-07T00:45:00+00:00,99,595.3,104.1,7.24,36.57,7.94,DSYA3_L1,6.58,1,,,,0,0,0,HYP-NORMAL,
2026-07-07T01:00:00+00:00,100,584.6,101.6,7.26,36.45,7.86,DSYA3_L1,6.07,1,,,,0,0,0,HYP-NORMAL,
2026-07-07T01:15:00+00:00,101,569.8,99.2,7.28,36.34,7.79,DSYA3_L1,5.73,1,,,,0,0,0,HYP-NORMAL,
2026-07-07T01:30:00+00:00,102,558.5,97.1,7.3,36.24,7.73,DSYA3_L1,5.49,1,,,,0,0,0,HYP-NORMAL,
2026-07-07T01:45:00+00:00,103,551.8,97,7.31,36.16,7.67,DSYA3_L1,4.74,1,,,,0,0,0,HYP-NORMAL,
2026-07-07T02:00:00+00:00,104,540.7,95.6,7.33,36.1,7.63,DSYA7_L1,4.55,1,,,,0,0,0,HYP-NORMAL,
2026-07-07T02:15:00+00:00,105,536.9,94.7,7.33,36.04,7.6,DSYA4_L1,4.56,1,,,,0,0,0,HYP-NORMAL,
2026-07-07T02:30:00+00:00,106,531.4,94.1,7.34,36,7.57,DSYA7_L1,4.27,1,,,,0,0,0,HYP-NORMAL,
2026-07-07T02:45:00+00:00,107,528.6,94,7.35,35.98,7.56,DSYA3_L1,4.29,1,,,,0,0,0,HYP-NORMAL,
2026-07-07T03:00:00+00:00,108,526.3,93.2,7.35,35.97,7.55,DSYA3_L1,4.14,1,,,,0,0,0,HYP-NORMAL,
2026-07-07T03:15:00+00:00,109,526,93.2,7.35,35.98,7.56,DSYA4_L1,3.88,1,,,,0,0,0,HYP-NORMAL,
2026-07-07T03:30:00+00:00,110,526.1,93.2,7.35,36,7.57,DSYA4_L1,3.94,1,,,,0,0,0,HYP-NORMAL,
2026-07-07T03:45:00+00:00,111,525.1,93.3,7.35,36.04,7.6,DSYA1_L1,4.1,1,,,,0,0,0,HYP-NORMAL,
2026-07-07T04:00:00+00:00,112,527.2,93.5,7.35,36.1,7.63,DSYA7_L1,4.49,1,,,,0,0,0,HYP-NORMAL,
2026-07-07T04:15:00+00:00,113,531.9,93.7,7.34,36.16,7.67,DSYA3_L1,3.97,1,,,,0,0,0,HYP-NORMAL,
2026-07-07T04:30:00+00:00,114,543.7,95.5,7.32,36.24,7.73,DSYA4_L1,4.13,1,,,,0,0,0,HYP-NORMAL,
2026-07-07T04:45:00+00:00,115,550.4,96.4,7.31,36.34,7.79,DSYA4_L1,4.21,1,,,,0,0,0,HYP-NORMAL,
2026-07-07T05:00:00+00:00,116,563.1,98.4,7.29,36.45,7.86,DSYA3_L1,4.12,1,,,,0,0,0,HYP-NORMAL,
2026-07-07T05:15:00+00:00,117,603.7,105.1,7.23,36.57,7.94,DSYA3_L1,4.58,1,,,,0,0,0,HYP-NORMAL,
2026-07-07T05:30:00+00:00,118,646.7,112.1,7.16,36.71,8.03,DSYA4_L1,5,1,,,,0,0,0,HYP-NORMAL,
2026-07-07T05:45:00+00:00,119,683.3,117.3,7.1,36.85,8.13,DSYA4_L1,5.86,1,,,,0,0,0,HYP-NORMAL,
2026-07-07T06:00:00+00:00,120,722.4,123.2,7.03,37.01,8.24,DSYA4_L1,5.99,1,,,,0,0,0,HYP-NORMAL,
2026-07-07T06:15:00+00:00,121,851.3,142.8,6.83,37.18,8.36,DSYA4_L1,6.93,1,,,,0,0,0,HYP-NORMAL,
2026-07-07T06:30:00+00:00,122,979,161.4,6.62,37.36,8.48,DSYA4_L1,9.55,1,,,,0,0,0,HYP-NORMAL,
2026-07-07T06:45:00+00:00,123,1108,178.2,6.41,37.55,8.61,DSYA4_L1,12.49,1,,,,0,0,0,HYP-NORMAL,
2026-07-07T07:00:00+00:00,124,1238,194.3,6.2,37.75,8.75,DSYA4_L1,15.81,1,,,,0,0,0,HYP-NORMAL,
2026-07-07T07:15:00+00:00,125,1368,211.6,5.99,37.95,8.89,DSYA4_L1,20.22,1,,,,0,0,0,HYP-NORMAL,
2026-07-07T07:30:00+00:00,126,1492,226.4,5.79,38.16,9.04,DSYA4_L1,24.31,1,,,,0,0,0,HYP-NORMAL,
2026-07-07T07:45:00+00:00,127,1629,242.6,5.57,38.38,9.2,DSYA4_L1,29.36,1,,,,0,0,0,HYP-NORMAL,
2026-07-07T08:00:00+00:00,128,1773,261.8,5.35,38.6,9.36,DSYA4_L1,35.12,1,,,,0,0,0,HYP-NORMAL,
2026-07-07T08:15:00+00:00,129,1810,264.9,5.29,38.83,9.52,DSYA4_L1,41.75,1,,,,0,0,0,HYP-NORMAL,ALM-PANEL-TEMP
2026-07-07T08:30:00+00:00,130,1861,269.8,5.2,39.06,9.69,DSYA4_L1,45.1,1,,,,0,0,0,HYP-NORMAL,ALM-PANEL-TEMP
2026-07-07T08:45:00+00:00,131,1888,271.9,5.16,39.29,9.86,DSYA4_L1,47.73,1,,,,0,0,0,HYP-NORMAL,ALM-PANEL-TEMP
2026-07-07T09:00:00+00:00,132,1917,275.6,5.11,39.52,10.03,DSYA4_L1,49.23,1,,,,0,0,0,HYP-NORMAL,ALM-PANEL-TEMP
2026-07-07T09:15:00+00:00,133,1901,275.6,5.14,39.75,10.21,DSYA4_L1,50.72,1,,,,0,0,20,HYP-LOOSE-CONN,ALM-THR-TERM-WARN;ALM-THR-PHASE-DIF;ALM-PANEL-TEMP
2026-07-07T09:30:00+00:00,134,1877,271.9,5.18,39.98,10.39,DSYA4_L1,50.65,1,,,,0,0,20,HYP-LOOSE-CONN,ALM-THR-TERM-WARN;ALM-THR-PHASE-DIF;ALM-PANEL-TEMP
2026-07-07T09:45:00+00:00,135,1865,271.9,5.2,40.21,10.56,DSYA4_L1,49.48,1,,,,0,0,20,HYP-LOOSE-CONN,ALM-THR-PHASE-DIF;ALM-PANEL-TEMP
2026-07-07T10:00:00+00:00,136,1856,269.6,5.21,40.44,10.74,DSYA4_L1,49.16,1,,,,0,0,20,HYP-LOOSE-CONN,ALM-THR-PHASE-DIF;ALM-PANEL-TEMP
2026-07-07T10:15:00+00:00,137,1865,271.6,5.2,40.66,10.92,DSYA4_L1,48.35,1,,,,0,0,20,HYP-LOOSE-CONN,ALM-THR-PHASE-DIF;ALM-PANEL-TEMP
2026-07-07T10:30:00+00:00,138,1880,271.5,5.17,40.87,11.09,DSYA4_L1,48.28,1,,,,0,0,20,HYP-LOOSE-CONN,ALM-THR-PHASE-DIF;ALM-PANEL-TEMP
2026-07-07T10:45:00+00:00,139,1896,273.9,5.15,41.09,11.26,DSYA4_L1,49.34,1,,,,0,0,20,HYP-LOOSE-CONN,ALM-THR-PHASE-DIF;ALM-PANEL-TEMP
2026-07-07T11:00:00+00:00,140,1909,277.1,5.13,41.29,11.42,DSYA4_L1,49.85,1,,,,0,0,20,HYP-LOOSE-CONN,ALM-THR-PHASE-DIF;ALM-PANEL-TEMP
2026-07-07T11:15:00+00:00,141,1910,276.1,5.13,41.49,11.59,DSYA4_L1,50.8,1,,,,0,0,20,HYP-LOOSE-CONN,ALM-THR-TERM-WARN;ALM-THR-PHASE-DIF;ALM-PANEL-TEMP
2026-07-07T11:30:00+00:00,142,1901,275.6,5.14,41.68,11.74,DSYA4_L1,51.44,1,,,,0,0,20,HYP-LOOSE-CONN,ALM-THR-TERM-WARN;ALM-THR-PHASE-DIF;ALM-PANEL-TEMP
2026-07-07T11:45:00+00:00,143,1895,273.3,5.15,41.86,11.89,DSYA4_L1,50.68,1,,,,0,0,20,HYP-LOOSE-CONN,ALM-THR-TERM-WARN;ALM-THR-PHASE-DIF;ALM-PANEL-TEMP
2026-07-07T12:00:00+00:00,144,1887,271.4,5.16,42.02,12.03,DSYA4_L1,50.17,1,,,,0,0,20,HYP-LOOSE-CONN,ALM-THR-TERM-WARN;ALM-THR-PHASE-DIF;ALM-PANEL-TEMP
2026-07-07T12:15:00+00:00,145,1855,267,5.21,42.18,12.17,DSYA3_L1,49.76,1,,,,0,0,20,HYP-LOOSE-CONN,ALM-THR-PHASE-DIF;ALM-PANEL-TEMP
2026-07-07T12:30:00+00:00,146,1838,268,5.24,42.33,12.29,DSYA3_L1,48.99,1,,,,0,0,20,HYP-LOOSE-CONN,ALM-THR-PHASE-DIF;ALM-PANEL-TEMP
2026-07-07T12:45:00+00:00,147,1815,267.1,5.28,42.47,12.41,DSYA3_L1,48.03,1,,,,0,0,20,HYP-LOOSE-CONN,ALM-THR-PHASE-DIF;ALM-PANEL-TEMP
2026-07-07T13:00:00+00:00,148,1795,263.7,5.31,42.59,12.51,DSYA7_L1,46.82,1,,,,0,0,20,HYP-LOOSE-CONN,ALM-THR-PHASE-DIF;ALM-PANEL-TEMP
2026-07-07T13:15:00+00:00,149,1795,261.4,5.31,42.7,12.61,DSYA3_L1,46.12,1,,,,0,0,20,HYP-LOOSE-CONN,ALM-THR-PHASE-DIF;ALM-PANEL-TEMP
2026-07-07T13:30:00+00:00,150,1824,264.9,5.26,42.79,12.69,DSYA3_L1,45.59,1,,,,0,0,20,HYP-LOOSE-CONN,ALM-THR-PHASE-DIF;ALM-PANEL-TEMP
2026-07-07T13:45:00+00:00,151,1832,266.3,5.25,42.87,12.76,DSYA4_L1,46.02,1,,,,0,0,20,HYP-LOOSE-CONN,ALM-THR-PHASE-DIF;ALM-PANEL-TEMP
2026-07-07T14:00:00+00:00,152,1843,267.3,5.23,42.94,12.82,DSYA4_L1,46.8,1,,,,0,0,20,HYP-LOOSE-CONN,ALM-THR-PHASE-DIF;ALM-PANEL-TEMP
2026-07-07T14:15:00+00:00,153,1862,270.2,5.2,42.99,12.87,DSYA4_L1,47.23,1,,,,0,0,20,HYP-LOOSE-CONN,ALM-THR-PHASE-DIF;ALM-PANEL-TEMP
2026-07-07T14:30:00+00:00,154,1863,269.4,5.2,43.03,12.9,DSYA4_L1,48.11,1,,,,0,0,20,HYP-LOOSE-CONN,ALM-THR-PHASE-DIF;ALM-PANEL-TEMP
2026-07-07T14:45:00+00:00,155,1887,272.7,5.16,43.05,12.92,DSYA4_L1,48.31,1,,,,0,0,20,HYP-LOOSE-CONN,ALM-THR-PHASE-DIF;ALM-PANEL-TEMP
2026-07-07T15:00:00+00:00,156,1916,275.1,5.11,43.06,12.93,DSYA4_L1,49.53,1,,,,0,0,20,HYP-LOOSE-CONN,ALM-THR-PHASE-DIF;ALM-PANEL-TEMP
2026-07-07T15:15:00+00:00,157,1909,274.4,5.12,43.05,12.92,DSYA4_L1,50.46,1,,,,0,0,20,HYP-LOOSE-CONN,ALM-THR-TERM-WARN;ALM-THR-PHASE-DIF;ALM-PANEL-TEMP
2026-07-07T15:30:00+00:00,158,1902,273,5.13,43.03,12.9,DSYA4_L1,51,1,,,,0,0,20,HYP-LOOSE-CONN,ALM-THR-TERM-WARN;ALM-THR-PHASE-DIF;ALM-PANEL-TEMP
2026-07-07T15:45:00+00:00,159,1901,271.9,5.13,42.99,12.87,DSYA4_L1,50.7,1,,,,0,0,20,HYP-LOOSE-CONN,ALM-THR-TERM-WARN;ALM-THR-PHASE-DIF;ALM-PANEL-TEMP
2026-07-07T16:00:00+00:00,160,1904,273.3,5.13,42.94,12.82,DSYA4_L1,50.9,1,,,,0,0,20,HYP-LOOSE-CONN,ALM-THR-TERM-WARN;ALM-THR-PHASE-DIF;ALM-PANEL-TEMP
2026-07-07T16:15:00+00:00,161,1906,271.2,5.12,42.87,12.76,DSYA4_L1,50.53,1,,,,0,0,20,HYP-LOOSE-CONN,ALM-THR-TERM-WARN;ALM-THR-PHASE-DIF;ALM-PANEL-TEMP
2026-07-07T16:30:00+00:00,162,1905,271.3,5.13,42.79,12.69,DSYA4_L1,50.86,1,,,,0,0,20,HYP-LOOSE-CONN,ALM-THR-TERM-WARN;ALM-THR-PHASE-DIF;ALM-PANEL-TEMP
2026-07-07T16:45:00+00:00,163,1891,270.6,5.15,42.7,12.61,DSYA3_L1,50.69,1,,,,0,0,20,HYP-LOOSE-CONN,ALM-THR-TERM-WARN;ALM-THR-PHASE-DIF;ALM-PANEL-TEMP
2026-07-07T17:00:00+00:00,164,1878,269,5.17,42.59,12.51,DSYA3_L1,50.3,1,,,,0,0,20,HYP-LOOSE-CONN,ALM-THR-TERM-WARN;ALM-THR-PHASE-DIF;ALM-PANEL-TEMP
2026-07-07T17:15:00+00:00,165,1854,266.6,5.21,42.47,12.41,DSYA7_L1,49.52,1,,,,0,0,20,HYP-LOOSE-CONN,ALM-THR-PHASE-DIF;ALM-PANEL-TEMP
2026-07-07T17:30:00+00:00,166,1830,265,5.25,42.33,12.29,DSYA4_L1,48.7,1,,,,0,0,20,HYP-LOOSE-CONN,ALM-THR-PHASE-DIF;ALM-PANEL-TEMP
2026-07-07T17:45:00+00:00,167,1809,262.7,5.28,42.18,12.17,DSYA3_L1,47.84,1,,,,0,0,20,HYP-LOOSE-CONN,ALM-THR-PHASE-DIF;ALM-PANEL-TEMP
2026-07-07T18:00:00+00:00,168,1779,259.3,5.33,42.02,12.03,DSYA7_L1,46.76,1,,,,0,0,20,HYP-LOOSE-CONN,ALM-THR-PHASE-DIF;ALM-PANEL-TEMP
2026-07-07T18:15:00+00:00,169,1749,255.9,5.38,41.86,11.89,DSYA3_L1,45.5,1,,,,0,0,20,HYP-LOOSE-CONN,ALM-THR-PHASE-DIF;ALM-PANEL-TEMP
2026-07-07T18:30:00+00:00,170,1724,252.9,5.42,41.68,11.74,DSYA7_L1,44.62,1,,,,0,0,20,HYP-LOOSE-CONN,ALM-THR-PHASE-DIF;ALM-PANEL-TEMP
2026-07-07T18:45:00+00:00,171,1704,250.2,5.45,41.49,11.59,DSYA7_L1,42.88,1,,,,0,0,20,HYP-LOOSE-CONN,ALM-THR-PHASE-DIF;ALM-PANEL-TEMP
2026-07-07T19:00:00+00:00,172,1688,249.1,5.48,41.29,11.42,DSYA3_L1,41.98,1,,,,0,0,0,HYP-NORMAL,ALM-PANEL-TEMP
2026-07-07T19:15:00+00:00,173,1703,250.2,5.45,41.09,11.26,DSYA3_L1,40.98,1,,,,0,0,0,HYP-NORMAL,ALM-PANEL-TEMP
2026-07-07T19:30:00+00:00,174,1736,256.4,5.4,40.87,11.09,DSYA3_L1,40.71,1,,,,0,0,0,HYP-NORMAL,ALM-PANEL-TEMP
2026-07-07T19:45:00+00:00,175,1748,259.2,5.39,40.66,10.92,DSYA4_L1,41.82,1,,,,0,0,0,HYP-NORMAL,ALM-PANEL-TEMP
2026-07-07T20:00:00+00:00,176,1767,259,5.35,40.44,10.74,DSYA4_L1,42.31,1,,,,0,0,0,HYP-NORMAL,ALM-PANEL-TEMP
2026-07-07T20:15:00+00:00,177,1738,255,5.4,40.21,10.56,DSYA4_L1,43.24,1,,,,0,0,0,HYP-NORMAL,ALM-PANEL-TEMP
2026-07-07T20:30:00+00:00,178,1707,253.9,5.45,39.98,10.39,DSYA4_L1,42.44,1,,,,0,0,0,HYP-NORMAL,ALM-PANEL-TEMP
2026-07-07T20:45:00+00:00,179,1677,249.5,5.5,39.75,10.21,DSYA3_L1,41.58,1,,,,0,0,0,HYP-NORMAL,ALM-PANEL-TEMP
2026-07-07T21:00:00+00:00,180,1649,246.6,5.54,39.52,10.03,DSYA7_L1,40.42,1,,,,0,0,0,HYP-NORMAL,ALM-PANEL-TEMP
2026-07-07T21:15:00+00:00,181,1572,238.1,5.67,39.29,9.86,DSYA7_L1,39.58,1,,,,0,0,0,HYP-NORMAL,
2026-07-07T21:30:00+00:00,182,1501,228.1,5.78,39.06,9.69,DSYA3_L1,37.29,1,,,,0,0,0,HYP-NORMAL,
2026-07-07T21:45:00+00:00,183,1428,218.2,5.89,38.83,9.52,DSYA3_L1,34.9,1,,,,0,0,0,HYP-NORMAL,
2026-07-07T22:00:00+00:00,184,1376,212.6,5.98,38.6,9.36,DSYA3_L1,32.13,1,,,,0,0,0,HYP-NORMAL,
2026-07-07T22:15:00+00:00,185,1285,201.8,6.13,38.38,9.2,DSYA3_L1,29.74,1,,,,0,0,0,HYP-NORMAL,
2026-07-07T22:30:00+00:00,186,1182,188.5,6.29,38.16,9.04,DSYA3_L1,27.09,1,,,,0,0,0,HYP-NORMAL,
2026-07-07T22:45:00+00:00,187,1091,177.1,6.44,37.95,8.89,DSYA7_L1,24.07,1,,,,0,0,0,HYP-NORMAL,
2026-07-07T23:00:00+00:00,188,996.2,165.2,6.6,37.75,8.75,DSYA3_L1,21.12,1,,,,0,0,0,HYP-NORMAL,
2026-07-07T23:15:00+00:00,189,900,151.7,6.75,37.55,8.61,DSYA3_L1,18.2,1,,,,0,0,0,HYP-NORMAL,
2026-07-07T23:30:00+00:00,190,809.9,138.7,6.9,37.36,8.48,DSYA3_L1,15.26,1,,,,0,0,0,HYP-NORMAL,
2026-07-07T23:45:00+00:00,191,718,124.1,7.04,37.18,8.36,DSYA7_L1,13.11,1,,,,0,0,0,HYP-NORMAL,
2026-07-08T00:00:00+00:00,192,622.7,108.4,7.2,37.11,8.31,DSYA7_L1,10.57,1,,,,0,0,0,HYP-NORMAL,
2026-07-08T00:15:00+00:00,193,607.8,105.8,7.22,36.95,8.2,DSYA3_L1,8.73,1,,,,0,0,0,HYP-NORMAL,
2026-07-08T00:30:00+00:00,194,594.5,103.5,7.24,36.81,8.1,DSYA7_L1,7.33,1,,,,0,0,0,HYP-NORMAL,
2026-07-08T00:45:00+00:00,195,579.1,100.9,7.27,36.67,8.01,DSYA1_L1,6.12,1,,,,0,0,0,HYP-NORMAL,
2026-07-08T01:00:00+00:00,196,566.7,99.2,7.29,36.55,7.93,DSYA7_L1,5.8,1,,,,0,0,0,HYP-NORMAL,
2026-07-08T01:15:00+00:00,197,556.9,97.8,7.3,36.44,7.86,DSYA7_L1,5.35,1,,,,0,0,0,HYP-NORMAL,
2026-07-08T01:30:00+00:00,198,546,96.1,7.32,36.34,7.79,DSYA3_L1,4.83,1,,,,0,0,0,HYP-NORMAL,
2026-07-08T01:45:00+00:00,199,536,94.4,7.34,36.26,7.74,DSYA4_L1,4.49,1,,,,0,0,0,HYP-NORMAL,
2026-07-08T02:00:00+00:00,200,521.3,92.2,7.36,36.19,7.69,DSYA1_L1,4.27,1,,,,0,0,0,HYP-NORMAL,
2026-07-08T02:15:00+00:00,201,518.4,91.4,7.36,36.14,7.66,DSYA7_L1,4.39,1,,,,0,0,0,HYP-NORMAL,
2026-07-08T02:30:00+00:00,202,512.5,90.6,7.37,36.1,7.64,DSYA3_L1,4.04,1,,,,0,0,0,HYP-NORMAL,
2026-07-08T02:45:00+00:00,203,512.4,90.6,7.37,36.08,7.62,DSYA1_L1,3.86,1,,,,0,0,0,HYP-NORMAL,
2026-07-08T03:00:00+00:00,204,511.4,90.1,7.37,36.07,7.62,DSYA7_L1,3.96,1,,,,0,0,0,HYP-NORMAL,
2026-07-08T03:15:00+00:00,205,512.4,90.4,7.37,36.08,7.62,DSYA4_L1,3.86,1,,,,0,0,0,HYP-NORMAL,
2026-07-08T03:30:00+00:00,206,512.6,90.4,7.37,36.1,7.64,DSYA3_L1,4.38,1,,,,0,0,0,HYP-NORMAL,
2026-07-08T03:45:00+00:00,207,512.6,90.6,7.37,36.14,7.66,DSYA3_L1,3.95,1,,,,0,0,0,HYP-NORMAL,
2026-07-08T04:00:00+00:00,208,513.4,90.7,7.37,36.19,7.69,DSYA1_L1,4.07,1,,,,0,0,0,HYP-NORMAL,
2026-07-08T04:15:00+00:00,209,522.7,92.2,7.36,36.26,7.74,DSYA3_L1,3.79,1,,,,0,0,0,HYP-NORMAL,
2026-07-08T04:30:00+00:00,210,533.1,93.4,7.34,36.34,7.79,DSYA2_L1,3.59,1,,,,0,0,0,HYP-NORMAL,
2026-07-08T04:45:00+00:00,211,542.9,95.2,7.32,36.44,7.86,DSYA3_L1,4.03,1,,,,0,0,0,HYP-NORMAL,
2026-07-08T05:00:00+00:00,212,551.9,96.6,7.31,36.55,7.93,DSYA3_L1,4.41,1,,,,0,0,0,HYP-NORMAL,
2026-07-08T05:15:00+00:00,213,589.7,102.5,7.25,36.67,8.01,DSYA3_L1,4.24,1,,,,0,0,0,HYP-NORMAL,
2026-07-08T05:30:00+00:00,214,627.8,107.8,7.18,36.81,8.1,DSYA4_L1,4.75,1,,,,0,0,0,HYP-NORMAL,
2026-07-08T05:45:00+00:00,215,661.8,113.1,7.13,36.95,8.2,DSYA4_L1,5.17,1,,,,0,0,0,HYP-NORMAL,
2026-07-08T06:00:00+00:00,216,705.8,119.8,7.06,37.11,8.31,DSYA4_L1,5.66,1,,,,0,0,0,HYP-NORMAL,
2026-07-08T06:15:00+00:00,217,828.5,137.5,6.86,37.28,8.42,DSYA4_L1,6.77,1,,,,0,0,0,HYP-NORMAL,
2026-07-08T06:30:00+00:00,218,958.2,156.3,6.65,37.46,8.55,DSYA4_L1,8.65,1,,,,0,0,0,HYP-NORMAL,
2026-07-08T06:45:00+00:00,219,1090,175.7,6.44,37.65,8.68,DSYA4_L1,12.37,1,,,,0,0,0,HYP-NORMAL,
2026-07-08T07:00:00+00:00,220,1216,192.5,6.24,37.84,8.82,DSYA4_L1,15.29,1,,,,0,0,0,HYP-NORMAL,
2026-07-08T07:15:00+00:00,221,1345,210.2,6.03,38.05,8.96,DSYA4_L1,19.34,1,,,,0,0,0,HYP-NORMAL,
2026-07-08T07:30:00+00:00,222,1476,227,5.82,38.26,9.11,DSYA4_L1,23.63,1,,,,0,0,0,HYP-NORMAL,
2026-07-08T07:45:00+00:00,223,1606,241.3,5.61,38.48,9.27,DSYA4_L1,28.49,1,,,,0,0,0,HYP-NORMAL,
2026-07-08T08:00:00+00:00,224,1728,255.8,5.42,38.7,9.43,DSYA4_L1,33.87,1,,,,0,0,0,HYP-NORMAL,
2026-07-08T08:15:00+00:00,225,1764,258.5,5.36,38.92,9.59,DSYA4_L1,40.16,1.001,,,,0,0,0,HYP-NORMAL,ALM-PANEL-TEMP
2026-07-08T08:30:00+00:00,226,1801,260.9,5.29,39.15,9.76,DSYA4_L1,42.49,1.001,,,,0,0,0,HYP-NORMAL,ALM-PANEL-TEMP
2026-07-08T08:45:00+00:00,227,1846,265.8,5.22,39.38,9.93,DSYA4_L1,44.84,1.001,,,,0,0,0,HYP-NORMAL,ALM-PANEL-TEMP
2026-07-08T09:00:00+00:00,228,1911,272.2,5.12,39.61,10.11,DSYA4_L1,46.9,1.001,,,,0,0,0,HYP-NORMAL,ALM-PANEL-TEMP
2026-07-08T09:15:00+00:00,229,1902,270.6,5.13,39.84,10.28,DSYA4_L1,50.23,1.001,,,,0,0,0,HYP-NORMAL,ALM-THR-TERM-WARN;ALM-PANEL-TEMP
2026-07-08T09:30:00+00:00,230,1885,269.8,5.16,40.08,10.46,DSYA4_L1,50.16,1.002,,,,0,0,30,HYP-LOOSE-CONN,ALM-THR-TERM-WARN;ALM-THR-PHASE-DIF;ALM-PANEL-TEMP
2026-07-08T09:45:00+00:00,231,1871,268.1,5.18,40.3,10.64,DSYA4_L1,50.08,1.002,,,,0,0,30,HYP-LOOSE-CONN,ALM-THR-TERM-WARN;ALM-THR-PHASE-DIF;ALM-PANEL-TEMP
2026-07-08T10:00:00+00:00,232,1868,267.1,5.19,40.53,10.81,DSYA4_L1,49.09,1.001,,,,0,0,30,HYP-LOOSE-CONN,ALM-THR-PHASE-DIF;ALM-PANEL-TEMP
2026-07-08T10:15:00+00:00,233,1882,267.3,5.16,40.75,10.99,DSYA4_L1,49.05,1.002,,,,0,0,30,HYP-LOOSE-CONN,ALM-THR-PHASE-DIF;ALM-PANEL-TEMP
2026-07-08T10:30:00+00:00,234,1888,270.3,5.16,40.97,11.16,DSYA4_L1,49.1,1.001,,,,0,0,30,HYP-LOOSE-CONN,ALM-THR-PHASE-DIF;ALM-PANEL-TEMP
2026-07-08T10:45:00+00:00,235,1891,269.3,5.15,41.18,11.33,DSYA4_L1,49.57,1.006,,,,0,0,30,HYP-LOOSE-CONN,ALM-THR-PHASE-DIF;ALM-PANEL-TEMP
2026-07-08T11:00:00+00:00,236,1907,272.7,5.13,41.38,11.5,DSYA4_L1,50.03,1.003,,,,0,0,30,HYP-LOOSE-CONN,ALM-THR-TERM-WARN;ALM-THR-PHASE-DIF;ALM-PANEL-TEMP
2026-07-08T11:15:00+00:00,237,1904,275.3,5.13,41.58,11.66,DSYA4_L1,50.82,1.001,,,,0,0,30,HYP-LOOSE-CONN,ALM-THR-TERM-WARN;ALM-THR-PHASE-DIF;ALM-PANEL-TEMP
2026-07-08T11:30:00+00:00,238,1902,273.5,5.13,41.77,11.82,DSYA4_L1,50.51,1.001,,,,0,0,30,HYP-LOOSE-CONN,ALM-THR-TERM-WARN;ALM-THR-PHASE-DIF;ALM-PANEL-TEMP
2026-07-08T11:45:00+00:00,239,1902,274.6,5.14,41.95,11.97,DSYA4_L1,50.76,1.002,,,,0,0,30,HYP-LOOSE-CONN,ALM-THR-TERM-WARN;ALM-THR-PHASE-DIF;ALM-PANEL-TEMP
2026-07-08T12:00:00+00:00,240,1894,277.4,5.16,42.12,12.11,DSYA4_L1,50.66,1.002,,,,0,0,30,HYP-LOOSE-CONN,ALM-THR-TERM-WARN;ALM-THR-PHASE-DIF;ALM-PANEL-TEMP
2026-07-08T12:15:00+00:00,241,1865,271.9,5.2,42.27,12.24,DSYA4_L1,50.1,1.001,,,,0,0,30,HYP-LOOSE-CONN,ALM-THR-TERM-WARN;ALM-THR-PHASE-DIF;ALM-PANEL-TEMP
2026-07-08T12:30:00+00:00,242,1841,267.4,5.23,42.42,12.37,DSYA4_L1,49.2,1.001,,,,0,0,30,HYP-LOOSE-CONN,ALM-THR-PHASE-DIF;ALM-PANEL-TEMP
2026-07-08T12:45:00+00:00,243,1818,265.5,5.27,42.56,12.49,DSYA3_L1,48.42,1.001,,,,0,0,30,HYP-LOOSE-CONN,ALM-THR-PHASE-DIF;ALM-PANEL-TEMP
2026-07-08T13:00:00+00:00,244,1792,261.2,5.31,42.68,12.59,DSYA3_L1,47.41,1.002,,,,0,0,30,HYP-LOOSE-CONN,ALM-THR-PHASE-DIF;ALM-PANEL-TEMP
2026-07-08T13:15:00+00:00,245,1815,261.6,5.27,42.79,12.69,DSYA3_L1,46.37,1.001,,,,0,0,30,HYP-LOOSE-CONN,ALM-THR-PHASE-DIF;ALM-PANEL-TEMP
2026-07-08T13:30:00+00:00,246,1819,261.3,5.26,42.88,12.77,DSYA3_L1,45.99,1.001,,,,0,0,0,HYP-NORMAL,ALM-PANEL-TEMP
2026-07-08T13:45:00+00:00,247,1835,265,5.24,42.97,12.84,DSYA4_L1,46.19,1.001,,,,0,0,30,HYP-LOOSE-CONN,ALM-THR-PHASE-DIF;ALM-PANEL-TEMP
2026-07-08T14:00:00+00:00,248,1855,266.6,5.21,43.03,12.9,DSYA4_L1,46.97,1.001,,,,0,0,0,HYP-NORMAL,ALM-PANEL-TEMP
2026-07-08T14:15:00+00:00,249,1870,266.3,5.18,43.08,12.95,DSYA4_L1,47.8,1.001,,,,0,0,30,HYP-LOOSE-CONN,ALM-THR-PHASE-DIF;ALM-PANEL-TEMP
2026-07-08T14:30:00+00:00,250,1883,268.2,5.16,43.12,12.98,DSYA4_L1,48.69,1.002,,,,0,0,0,HYP-NORMAL,ALM-PANEL-TEMP
2026-07-08T14:45:00+00:00,251,1921,271.5,5.1,43.15,13,DSYA4_L1,49.36,1.001,,,,0,0,30,HYP-LOOSE-CONN,ALM-THR-PHASE-DIF;ALM-PANEL-TEMP
2026-07-08T15:00:00+00:00,252,1940,273,5.07,43.15,13.01,DSYA4_L1,50.72,1.002,,,,0,0,30,HYP-LOOSE-CONN,ALM-THR-TERM-WARN;ALM-THR-PHASE-DIF;ALM-PANEL-TEMP
2026-07-08T15:15:00+00:00,253,1940,272.7,5.07,43.15,13,DSYA4_L1,52.16,1.001,,,,0,0,30,HYP-LOOSE-CONN,ALM-THR-TERM-WARN;ALM-THR-PHASE-DIF;ALM-PANEL-TEMP
2026-07-08T15:30:00+00:00,254,1944,273.5,5.06,43.12,12.98,DSYA4_L1,52.41,1.001,,,,0,0,30,HYP-LOOSE-CONN,ALM-THR-TERM-WARN;ALM-THR-PHASE-DIF;ALM-PANEL-TEMP
2026-07-08T15:45:00+00:00,255,1945,273,5.06,43.08,12.95,DSYA4_L1,52.64,1.001,,,,0,0,30,HYP-LOOSE-CONN,ALM-THR-TERM-WARN;ALM-THR-PHASE-DIF;ALM-PANEL-TEMP
2026-07-08T16:00:00+00:00,256,1941,269.5,5.06,43.03,12.9,DSYA4_L1,52.94,1.001,,,,0,0,30,HYP-LOOSE-CONN,ALM-THR-TERM-WARN;ALM-THR-PHASE-DIF;ALM-PANEL-TEMP
2026-07-08T16:15:00+00:00,257,1931,267.9,5.07,42.97,12.84,DSYA4_L1,52.51,1.001,,,,0,0,30,HYP-LOOSE-CONN,ALM-THR-TERM-WARN;ALM-THR-PHASE-DIF;ALM-PANEL-TEMP
2026-07-08T16:30:00+00:00,258,1934,271.7,5.08,42.88,12.77,DSYA4_L1,52.2,1.001,,,,0,0,30,HYP-LOOSE-CONN,ALM-THR-TERM-WARN;ALM-THR-PHASE-DIF;ALM-PANEL-TEMP
2026-07-08T16:45:00+00:00,259,1921,270.8,5.1,42.79,12.69,DSYA4_L1,52.39,1.002,,,,0,0,30,HYP-LOOSE-CONN,ALM-THR-TERM-WARN;ALM-THR-PHASE-DIF;ALM-PANEL-TEMP
2026-07-08T17:00:00+00:00,260,1929,273.1,5.09,42.68,12.59,DSYA3_L1,51.94,1.002,,,,0,0,30,HYP-LOOSE-CONN,ALM-THR-TERM-WARN;ALM-THR-PHASE-DIF;ALM-PANEL-TEMP
2026-07-08T17:15:00+00:00,261,1914,273.5,5.11,42.56,12.49,DSYA4_L1,51.78,1.002,,,,0,0,30,HYP-LOOSE-CONN,ALM-THR-TERM-WARN;ALM-THR-PHASE-DIF;ALM-PANEL-TEMP
2026-07-08T17:30:00+00:00,262,1882,270.2,5.16,42.42,12.37,DSYA3_L1,51.73,1.002,,,,0,0,30,HYP-LOOSE-CONN,ALM-THR-TERM-WARN;ALM-THR-PHASE-DIF;ALM-PANEL-TEMP
2026-07-08T17:45:00+00:00,263,1858,265.3,5.2,42.27,12.24,DSYA3_L1,50.28,1.001,,,,0,0,30,HYP-LOOSE-CONN,ALM-THR-TERM-WARN;ALM-THR-PHASE-DIF;ALM-PANEL-TEMP
2026-07-08T18:00:00+00:00,264,1836,261.7,5.23,42.12,12.11,DSYA3_L1,49.3,1.002,,,,0,0,30,HYP-LOOSE-CONN,ALM-THR-PHASE-DIF;ALM-PANEL-TEMP
2026-07-08T18:15:00+00:00,265,1812,258.5,5.27,41.95,11.97,DSYA3_L1,48.3,1.001,,,,0,0,30,HYP-LOOSE-CONN,ALM-THR-PHASE-DIF;ALM-PANEL-TEMP
2026-07-08T18:30:00+00:00,266,1791,255.8,5.3,41.77,11.82,DSYA3_L1,47.13,1.001,,,,0,0,30,HYP-LOOSE-CONN,ALM-THR-PHASE-DIF;ALM-PANEL-TEMP
2026-07-08T18:45:00+00:00,267,1783,257.7,5.32,41.58,11.66,DSYA3_L1,46.3,1.001,,,,0,0,30,HYP-LOOSE-CONN,ALM-THR-PHASE-DIF;ALM-PANEL-TEMP
2026-07-08T19:00:00+00:00,268,1760,257.3,5.36,41.38,11.5,DSYA3_L1,45.38,1.001,,,,0,0,30,HYP-LOOSE-CONN,ALM-THR-PHASE-DIF;ALM-PANEL-TEMP
2026-07-08T19:15:00+00:00,269,1792,260.7,5.31,41.18,11.33,DSYA3_L1,44.75,1.002,,,,0,0,0,HYP-NORMAL,ALM-PANEL-TEMP
2026-07-08T19:30:00+00:00,270,1796,259.5,5.3,40.97,11.16,DSYA4_L1,44.83,1.002,,,,0,0,30,HYP-LOOSE-CONN,ALM-THR-PHASE-DIF;ALM-PANEL-TEMP
2026-07-08T19:45:00+00:00,271,1803,258.4,5.29,40.75,10.99,DSYA3_L1,45.05,1.002,,,,0,0,0,HYP-NORMAL,ALM-PANEL-TEMP
2026-07-08T20:00:00+00:00,272,1816,258.6,5.26,40.53,10.81,DSYA4_L1,45.26,1.002,,,,0,0,0,HYP-NORMAL,ALM-PANEL-TEMP
2026-07-08T20:15:00+00:00,273,1785,256.3,5.32,40.3,10.64,DSYA4_L1,46.04,1.002,,,,0,0,0,HYP-NORMAL,ALM-PANEL-TEMP
2026-07-08T20:30:00+00:00,274,1746,252.7,5.38,40.08,10.46,DSYA4_L1,44.99,1.002,,,,0,0,30,HYP-LOOSE-CONN,ALM-THR-PHASE-DIF;ALM-PANEL-TEMP
2026-07-08T20:45:00+00:00,275,1701,246.9,5.45,39.84,10.28,DSYA3_L1,43.66,1.002,,,,0,0,0,HYP-NORMAL,ALM-PANEL-TEMP
2026-07-08T21:00:00+00:00,276,1672,243.4,5.5,39.61,10.11,DSYA3_L1,42.21,1.001,,,,0,0,0,HYP-NORMAL,ALM-PANEL-TEMP
2026-07-08T21:15:00+00:00,277,1602,236.4,5.61,39.38,9.93,DSYA3_L1,40.97,1.002,,,,0,0,0,HYP-NORMAL,
2026-07-08T21:30:00+00:00,278,1543,228.9,5.7,39.15,9.76,DSYA3_L1,38.94,1.002,,,,0,0,0,HYP-NORMAL,
2026-07-08T21:45:00+00:00,279,1475,220.4,5.81,38.92,9.59,DSYA3_L1,36.72,1.002,,,,0,0,0,HYP-NORMAL,
2026-07-08T22:00:00+00:00,280,1415,213.8,5.91,38.7,9.43,DSYA3_L1,33.97,1.002,,,,0,0,0,HYP-NORMAL,
2026-07-08T22:15:00+00:00,281,1313,201.4,6.07,38.48,9.27,DSYA7_L1,31.41,1.002,,,,0,0,0,HYP-NORMAL,
2026-07-08T22:30:00+00:00,282,1223,192,6.22,38.26,9.11,DSYA3_L1,28.5,1.002,,,,0,0,0,HYP-NORMAL,
2026-07-08T22:45:00+00:00,283,1128,180.2,6.38,38.05,8.96,DSYA7_L1,25.3,1.002,,,,0,0,0,HYP-NORMAL,
2026-07-08T23:00:00+00:00,284,1027,167,6.54,37.84,8.82,DSYA3_L1,22.24,1.002,,,,0,0,0,HYP-NORMAL,
2026-07-08T23:15:00+00:00,285,929.5,152.8,6.7,37.65,8.68,DSYA7_L1,19.48,1.002,,,,0,0,0,HYP-NORMAL,
2026-07-08T23:30:00+00:00,286,835.8,140,6.85,37.46,8.55,DSYA3_L1,16.34,1.002,,,,0,0,0,HYP-NORMAL,
2026-07-08T23:45:00+00:00,287,739.3,126.2,7.01,37.28,8.42,DSYA7_L1,13.64,1.002,,,,0,0,0,HYP-NORMAL,
2026-07-09T00:00:00+00:00,288,642.9,110.3,7.16,37.2,8.37,DSYA3_L1,11.23,1.002,,,,0,0,0,HYP-NORMAL,
2026-07-09T00:15:00+00:00,289,630.6,108.5,7.18,37.05,8.26,DSYA3_L1,9.06,1.002,,,,0,0,0,HYP-NORMAL,
2026-07-09T00:30:00+00:00,290,619.3,106.8,7.2,36.9,8.16,DSYA3_L1,7.58,1.002,,,,0,0,0,HYP-NORMAL,
2026-07-09T00:45:00+00:00,291,602.4,104.1,7.23,36.76,8.07,DSYA7_L1,6.43,1.002,,,,0,0,0,HYP-NORMAL,
2026-07-09T01:00:00+00:00,292,584.5,101.2,7.26,36.64,7.99,DSYA3_L1,6.09,1.002,,,,0,0,0,HYP-NORMAL,
2026-07-09T01:15:00+00:00,293,572.9,99.5,7.27,36.53,7.92,DSYA3_L1,5.75,1.002,,,,0,0,0,HYP-NORMAL,
2026-07-09T01:30:00+00:00,294,564.1,98.3,7.29,36.44,7.85,DSYA3_L1,5.01,1.002,,,,0,0,0,HYP-NORMAL,
2026-07-09T01:45:00+00:00,295,549.7,95.9,7.31,36.36,7.8,DSYA7_L1,5.07,1.002,,,,0,0,0,HYP-NORMAL,
2026-07-09T02:00:00+00:00,296,541.3,95.1,7.33,36.29,7.76,DSYA3_L1,4.98,1.002,,,,0,0,0,HYP-NORMAL,
2026-07-09T02:15:00+00:00,297,538.1,94.2,7.33,36.24,7.72,DSYA7_L1,4.58,1.002,,,,0,0,0,HYP-NORMAL,
2026-07-09T02:30:00+00:00,298,531.6,93.3,7.34,36.2,7.7,DSYA3_L1,4.29,1.002,,,,0,0,0,HYP-NORMAL,
2026-07-09T02:45:00+00:00,299,525.4,92.4,7.35,36.18,7.68,DSYA7_L1,3.95,1.002,,,,0,0,0,HYP-NORMAL,
2026-07-09T03:00:00+00:00,300,527.1,92.4,7.35,36.17,7.68,DSYA3_L1,4.07,1.002,,,,0,0,0,HYP-NORMAL,
2026-07-09T03:15:00+00:00,301,527.3,92.1,7.35,36.18,7.68,DSYA1_L1,4.08,1.002,,,,0,0,0,HYP-NORMAL,
2026-07-09T03:30:00+00:00,302,528,92.5,7.35,36.2,7.7,DSYA2_L1,3.75,1.002,,,,0,0,0,HYP-NORMAL,
2026-07-09T03:45:00+00:00,303,526.2,92,7.35,36.24,7.72,DSYA1_L1,3.97,1.002,,,,0,0,0,HYP-NORMAL,
2026-07-09T04:00:00+00:00,304,526.9,92.5,7.35,36.29,7.76,DSYA4_L1,3.99,1.002,,,,0,0,0,HYP-NORMAL,
2026-07-09T04:15:00+00:00,305,537.3,93.9,7.33,36.36,7.8,DSYA4_L1,4,1.002,,,,0,0,0,HYP-NORMAL,
2026-07-09T04:30:00+00:00,306,551.2,96.2,7.31,36.44,7.85,DSYA4_L1,4,1.002,,,,0,0,0,HYP-NORMAL,
2026-07-09T04:45:00+00:00,307,562.9,98.4,7.29,36.53,7.92,DSYA3_L1,4.25,1.002,,,,0,0,0,HYP-NORMAL,
2026-07-09T05:00:00+00:00,308,574.1,100.5,7.27,36.64,7.99,DSYA4_L1,4.71,1.002,,,,0,0,0,HYP-NORMAL,
2026-07-09T05:15:00+00:00,309,618.2,107.3,7.2,36.76,8.07,DSYA4_L1,4.51,1.002,,,,0,0,0,HYP-NORMAL,
2026-07-09T05:30:00+00:00,310,661.3,114.5,7.13,36.9,8.16,DSYA4_L1,4.95,1.002,,,,0,0,0,HYP-NORMAL,
2026-07-09T05:45:00+00:00,311,708.3,121.9,7.06,37.05,8.26,DSYA4_L1,5.66,1.002,,,,0,0,0,HYP-NORMAL,
2026-07-09T06:00:00+00:00,312,746.3,127.6,7,37.2,8.37,DSYA4_L1,6.73,1.002,,,,0,0,0,HYP-NORMAL,
2026-07-09T06:15:00+00:00,313,874.2,146.2,6.79,37.37,8.49,DSYA4_L1,7.43,1.002,,,,0,0,0,HYP-NORMAL,
2026-07-09T06:30:00+00:00,314,1001,163.5,6.58,37.55,8.61,DSYA4_L1,9.83,1.002,,,,0,0,0,HYP-NORMAL,
2026-07-09T06:45:00+00:00,315,1129,181.9,6.38,37.74,8.74,DSYA4_L1,12.99,1.002,,,,0,0,0,HYP-NORMAL,
2026-07-09T07:00:00+00:00,316,1246,198,6.19,37.94,8.88,DSYA4_L1,16.02,1.002,,,,0,0,0,HYP-NORMAL,
2026-07-09T07:15:00+00:00,317,1374,213,5.98,38.14,9.02,DSYA4_L1,20.26,1.002,,,,0,0,0,HYP-NORMAL,
2026-07-09T07:30:00+00:00,318,1510,228.5,5.76,38.35,9.18,DSYA4_L1,24.69,1.002,,,,0,0,0,HYP-NORMAL,
2026-07-09T07:45:00+00:00,319,1634,242.3,5.56,38.57,9.33,DSYA4_L1,30.25,1.002,,,,0,0,0,HYP-NORMAL,
2026-07-09T08:00:00+00:00,320,1769,255.6,5.34,38.79,9.49,DSYA4_L1,35.85,1.002,,,,0,0,0,HYP-NORMAL,ALM-PANEL-TEMP
2026-07-09T08:15:00+00:00,321,1817,262.1,5.27,39.01,9.66,DSYA4_L1,41.9,1.002,,,,0,0,0,HYP-NORMAL,ALM-PANEL-TEMP
2026-07-09T08:30:00+00:00,322,1842,262.7,5.22,39.24,9.83,DSYA4_L1,44.99,1.002,,,,0,0,0,HYP-NORMAL,ALM-PANEL-TEMP
2026-07-09T08:45:00+00:00,323,1871,263.2,5.17,39.47,10,DSYA4_L1,46.79,1.002,,,,0,0,0,HYP-NORMAL,ALM-PANEL-TEMP
2026-07-09T09:00:00+00:00,324,1922,268.3,5.09,39.7,10.17,DSYA4_L1,48.38,1.002,,,,0,0,0,HYP-NORMAL,ALM-PANEL-TEMP
2026-07-09T09:15:00+00:00,325,1922,268.7,5.09,39.93,10.35,DSYA4_L1,50.75,1.002,,,,0,0,0,HYP-NORMAL,ALM-THR-TERM-WARN;ALM-PANEL-TEMP
2026-07-09T09:30:00+00:00,326,1905,269.1,5.12,40.16,10.53,DSYA4_L1,51.98,1.002,,,,0,0,30,HYP-LOOSE-CONN,ALM-THR-TERM-WARN;ALM-THR-PHASE-DIF;ALM-PANEL-TEMP
2026-07-09T09:45:00+00:00,327,1900,269.8,5.13,40.39,10.71,DSYA4_L1,50.91,1.002,,,,0,0,30,HYP-LOOSE-CONN,ALM-THR-TERM-WARN;ALM-THR-PHASE-DIF;ALM-PANEL-TEMP
2026-07-09T10:00:00+00:00,328,1900,269.4,5.13,40.62,10.88,DSYA4_L1,50.64,1.002,,,,0,0,30,HYP-LOOSE-CONN,ALM-THR-TERM-WARN;ALM-THR-PHASE-DIF;ALM-PANEL-TEMP
2026-07-09T10:15:00+00:00,329,1920,274.7,5.1,40.84,11.06,DSYA4_L1,50.3,1.002,,,,0,0,30,HYP-LOOSE-CONN,ALM-THR-TERM-WARN;ALM-THR-PHASE-DIF;ALM-PANEL-TEMP
2026-07-09T10:30:00+00:00,330,1932,277.7,5.09,41.06,11.23,DSYA4_L1,51.07,1.002,,,,0,0,30,HYP-LOOSE-CONN,ALM-THR-TERM-WARN;ALM-THR-PHASE-DIF;ALM-PANEL-TEMP
2026-07-09T10:45:00+00:00,331,1937,277.6,5.08,41.27,11.41,DSYA4_L1,52,1.002,,,,0,0,30,HYP-LOOSE-CONN,ALM-THR-TERM-WARN;ALM-THR-PHASE-DIF;ALM-PANEL-TEMP
2026-07-09T11:00:00+00:00,332,1954,278.7,5.05,41.47,11.57,DSYA4_L1,52.38,1.002,,,,0,0,30,HYP-LOOSE-CONN,ALM-THR-TERM-WARN;ALM-THR-PHASE-DIF;ALM-PANEL-TEMP
2026-07-09T11:15:00+00:00,333,1938,276.3,5.08,41.67,11.73,DSYA4_L1,53.38,1.002,,,,0,0,30,HYP-LOOSE-CONN,ALM-THR-TERM-WARN;ALM-THR-PHASE-DIF;ALM-PANEL-TEMP
2026-07-09T11:30:00+00:00,334,1934,277.6,5.09,41.86,11.89,DSYA4_L1,52.43,1.002,,,,0,0,30,HYP-LOOSE-CONN,ALM-THR-TERM-WARN;ALM-THR-PHASE-DIF;ALM-PANEL-TEMP
2026-07-09T11:45:00+00:00,335,1946,280.9,5.07,42.03,12.04,DSYA4_L1,52.75,1.002,,,,0,0,30,HYP-LOOSE-CONN,ALM-THR-TERM-WARN;ALM-THR-PHASE-DIF;ALM-PANEL-TEMP
2026-07-09T12:00:00+00:00,336,1942,278.1,5.07,42.2,12.18,DSYA4_L1,52.97,1.002,,,,0,0,30,HYP-LOOSE-CONN,ALM-THR-TERM-WARN;ALM-THR-PHASE-DIF;ALM-PANEL-TEMP
2026-07-09T12:15:00+00:00,337,1915,278.4,5.12,42.36,12.32,DSYA4_L1,52.5,1.002,,,,0,0,30,HYP-LOOSE-CONN,ALM-THR-TERM-WARN;ALM-THR-PHASE-DIF;ALM-PANEL-TEMP
2026-07-09T12:30:00+00:00,338,1890,276.1,5.16,42.51,12.45,DSYA3_L1,51.78,1.002,,,,0,0,30,HYP-LOOSE-CONN,ALM-THR-TERM-WARN;ALM-THR-PHASE-DIF;ALM-PANEL-TEMP
2026-07-09T12:45:00+00:00,339,1853,270.8,5.22,42.64,12.56,DSYA3_L1,50.94,1.002,,,,0,0,30,HYP-LOOSE-CONN,ALM-THR-TERM-WARN;ALM-THR-PHASE-DIF;ALM-PANEL-TEMP
2026-07-09T13:00:00+00:00,340,1827,267.9,5.26,42.77,12.67,DSYA3_L1,49.48,1.002,,,,0,0,30,HYP-LOOSE-CONN,ALM-THR-PHASE-DIF;ALM-PANEL-TEMP
2026-07-09T13:15:00+00:00,341,1840,267.7,5.24,42.87,12.76,DSYA3_L1,48.31,1.002,,,,0,0,30,HYP-LOOSE-CONN,ALM-THR-PHASE-DIF;ALM-PANEL-TEMP
2026-07-09T13:30:00+00:00,342,1869,270.4,5.19,42.97,12.85,DSYA4_L1,47.73,1.002,,,,0,0,30,HYP-LOOSE-CONN,ALM-THR-PHASE-DIF;ALM-PANEL-TEMP
2026-07-09T13:45:00+00:00,343,1878,269.5,5.17,43.05,12.92,DSYA4_L1,48.09,1.002,,,,0,0,30,HYP-LOOSE-CONN,ALM-THR-PHASE-DIF;ALM-PANEL-TEMP
2026-07-09T14:00:00+00:00,344,1902,274.6,5.14,43.12,12.98,DSYA4_L1,48.97,1.002,,,,0,0,30,HYP-LOOSE-CONN,ALM-THR-PHASE-DIF;ALM-PANEL-TEMP
2026-07-09T14:15:00+00:00,345,1931,277.5,5.09,43.17,13.03,DSYA4_L1,50.57,1.002,,,,0,0,30,HYP-LOOSE-CONN,ALM-THR-TERM-WARN;ALM-THR-PHASE-DIF;ALM-PANEL-TEMP
2026-07-09T14:30:00+00:00,346,1946,279.1,5.07,43.21,13.06,DSYA4_L1,51.78,1.002,,,,0,0,30,HYP-LOOSE-CONN,ALM-THR-TERM-WARN;ALM-THR-PHASE-DIF;ALM-PANEL-TEMP
2026-07-09T14:45:00+00:00,347,1970,284.1,5.03,43.23,13.08,DSYA4_L1,52.75,1.002,,,,0,0,30,HYP-LOOSE-CONN,ALM-THR-TERM-WARN;ALM-THR-PHASE-DIF;ALM-PANEL-TEMP
2026-07-09T15:00:00+00:00,348,1992,288,5,43.24,13.09,DSYA4_L1,53.6,1.002,,,,0,0,30,HYP-LOOSE-CONN,ALM-THR-TERM-WARN;ALM-THR-PHASE-DIF;ALM-PANEL-TEMP
2026-07-09T15:15:00+00:00,349,1976,286,5.02,43.23,13.08,DSYA4_L1,55.14,1.002,,,,0,0,30,HYP-LOOSE-CONN,ALM-THR-TERM-WARN;ALM-THR-PHASE-DIF;ALM-PANEL-TEMP
2026-07-09T15:30:00+00:00,350,1968,282.3,5.03,43.21,13.06,DSYA4_L1,55.05,1.002,,,,0,0,30,HYP-LOOSE-CONN,ALM-THR-TERM-WARN;ALM-THR-PHASE-DIF;ALM-PANEL-TEMP
2026-07-09T15:45:00+00:00,351,1981,285.1,5.01,43.17,13.03,DSYA4_L1,54.31,1.002,,,,0,0,30,HYP-LOOSE-CONN,ALM-THR-TERM-WARN;ALM-THR-PHASE-DIF;ALM-PANEL-TEMP
2026-07-09T16:00:00+00:00,352,1970,284.5,5.03,43.12,12.98,DSYA4_L1,55.26,1.002,,,,0,0,30,HYP-LOOSE-CONN,ALM-THR-TERM-WARN;ALM-THR-PHASE-DIF;ALM-PANEL-TEMP
2026-07-09T16:15:00+00:00,353,1960,283.1,5.05,43.05,12.92,DSYA4_L1,54.23,1.002,,,,0,0,30,HYP-LOOSE-CONN,ALM-THR-TERM-WARN;ALM-THR-PHASE-DIF;ALM-PANEL-TEMP
2026-07-09T16:30:00+00:00,354,1946,282.3,5.07,42.97,12.85,DSYA3_L1,54.03,1.002,,,,0,0,30,HYP-LOOSE-CONN,ALM-THR-TERM-WARN;ALM-THR-PHASE-DIF;ALM-PANEL-TEMP
2026-07-09T16:45:00+00:00,355,1945,282.6,5.07,42.87,12.76,DSYA3_L1,53.42,1.001,,,,0,0,30,HYP-LOOSE-CONN,ALM-THR-TERM-WARN;ALM-THR-PHASE-DIF;ALM-PANEL-TEMP
2026-07-09T17:00:00+00:00,356,1938,283.1,5.09,42.77,12.67,DSYA4_L1,53,1.002,,,,0,0,30,HYP-LOOSE-CONN,ALM-THR-TERM-WARN;ALM-THR-PHASE-DIF;ALM-PANEL-TEMP
2026-07-09T17:15:00+00:00,357,1918,280.5,5.12,42.64,12.56,DSYA4_L1,52.57,1.001,,,,0,0,30,HYP-LOOSE-CONN,ALM-THR-TERM-WARN;ALM-THR-PHASE-DIF;ALM-PANEL-TEMP
2026-07-09T17:30:00+00:00,358,1897,280.3,5.15,42.51,12.45,DSYA7_L1,51.74,1.001,,,,0,0,30,HYP-LOOSE-CONN,ALM-THR-TERM-WARN;ALM-THR-PHASE-DIF;ALM-PANEL-TEMP
2026-07-09T17:45:00+00:00,359,1871,278.5,5.2,42.36,12.32,DSYA3_L1,51.31,1.001,,,,0,0,30,HYP-LOOSE-CONN,ALM-THR-TERM-WARN;ALM-THR-PHASE-DIF;ALM-PANEL-TEMP
2026-07-09T18:00:00+00:00,360,1845,274.3,5.24,42.2,12.18,DSYA3_L1,50.37,1.001,,,,0,0,30,HYP-LOOSE-CONN,ALM-THR-TERM-WARN;ALM-THR-PHASE-DIF;ALM-PANEL-TEMP
2026-07-09T18:15:00+00:00,361,1829,272.8,5.26,42.03,12.04,DSYA7_L1,48.76,1.001,,,,0,0,30,HYP-LOOSE-CONN,ALM-THR-PHASE-DIF;ALM-PANEL-TEMP
2026-07-09T18:30:00+00:00,362,1804,270.3,5.3,41.86,11.89,DSYA3_L1,48.16,1.001,,,,0,0,30,HYP-LOOSE-CONN,ALM-THR-PHASE-DIF;ALM-PANEL-TEMP
2026-07-09T18:45:00+00:00,363,1779,265.3,5.34,41.67,11.73,DSYA3_L1,46.92,1.002,,,,0,0,30,HYP-LOOSE-CONN,ALM-THR-PHASE-DIF;ALM-PANEL-TEMP
2026-07-09T19:00:00+00:00,364,1749,262.4,5.39,41.47,11.57,DSYA3_L1,45.75,1.002,,,,0,0,30,HYP-LOOSE-CONN,ALM-THR-PHASE-DIF;ALM-PANEL-TEMP
2026-07-09T19:15:00+00:00,365,1768,263,5.36,41.27,11.41,DSYA7_L1,44.59,1.002,,,,0,0,30,HYP-LOOSE-CONN,ALM-THR-PHASE-DIF;ALM-PANEL-TEMP
2026-07-09T19:30:00+00:00,366,1787,264.2,5.32,41.06,11.23,DSYA3_L1,44.14,1.002,,,,0,0,30,HYP-LOOSE-CONN,ALM-THR-PHASE-DIF;ALM-PANEL-TEMP
2026-07-09T19:45:00+00:00,367,1789,264.6,5.32,40.84,11.06,DSYA4_L1,44.31,1.002,,,,0,0,30,HYP-LOOSE-CONN,ALM-THR-PHASE-DIF;ALM-PANEL-TEMP
2026-07-09T20:00:00+00:00,368,1815,268.9,5.28,40.62,10.88,DSYA4_L1,44.71,1.002,,,,0,0,0,HYP-NORMAL,ALM-PANEL-TEMP
2026-07-09T20:15:00+00:00,369,1804,268.5,5.3,40.39,10.71,DSYA4_L1,45.67,1.002,,,,0,0,30,HYP-LOOSE-CONN,ALM-THR-PHASE-DIF;ALM-PANEL-TEMP
2026-07-09T20:30:00+00:00,370,1780,267.4,5.34,40.16,10.53,DSYA4_L1,45.81,1.002,,,,0,0,30,HYP-LOOSE-CONN,ALM-THR-PHASE-DIF;ALM-PANEL-TEMP
2026-07-09T20:45:00+00:00,371,1751,262.6,5.39,39.93,10.35,DSYA3_L1,44.84,1.002,,,,0,0,30,HYP-LOOSE-CONN,ALM-THR-PHASE-DIF;ALM-PANEL-TEMP
2026-07-09T21:00:00+00:00,372,1728,260.3,5.42,39.7,10.17,DSYA3_L1,44.14,1.002,,,,0,0,0,HYP-NORMAL,ALM-PANEL-TEMP
2026-07-09T21:15:00+00:00,373,1658,253,5.54,39.47,10,DSYA3_L1,43.16,1.002,,,,0,0,30,HYP-LOOSE-CONN,ALM-THR-PHASE-DIF
2026-07-09T21:30:00+00:00,374,1600,245.9,5.63,39.24,9.83,DSYA3_L1,41.23,1.002,,,,0,0,0,HYP-NORMAL,
2026-07-09T21:45:00+00:00,375,1549,240.9,5.71,39.01,9.66,DSYA3_L1,38.56,1.002,,,,0,0,0,HYP-NORMAL,
2026-07-09T22:00:00+00:00,376,1484,232.1,5.82,38.79,9.49,DSYA3_L1,36.48,1.002,,,,0,0,0,HYP-NORMAL,
2026-07-09T22:15:00+00:00,377,1377,219.6,5.99,38.57,9.33,DSYA7_L1,34.05,1.002,,,,0,0,0,HYP-NORMAL,
2026-07-09T22:30:00+00:00,378,1270,205.8,6.16,38.35,9.18,DSYA3_L1,30.97,1.002,,,,0,0,0,HYP-NORMAL,
2026-07-09T22:45:00+00:00,379,1166,192.8,6.33,38.14,9.02,DSYA7_L1,27.59,1.002,,,,0,0,0,HYP-NORMAL,
2026-07-09T23:00:00+00:00,380,1061,179.3,6.5,37.94,8.88,DSYA3_L1,24.11,1.002,,,,0,0,0,HYP-NORMAL,
2026-07-09T23:15:00+00:00,381,960.9,164.2,6.66,37.74,8.74,DSYA3_L1,20.54,1.002,,,,0,0,0,HYP-NORMAL,
2026-07-09T23:30:00+00:00,382,868.4,149.5,6.81,37.55,8.61,DSYA3_L1,17.84,1.002,,,,0,0,0,HYP-NORMAL,
2026-07-09T23:45:00+00:00,383,767.8,134.2,6.97,37.37,8.49,DSYA3_L1,14.45,1.002,,,,0,0,0,HYP-NORMAL,
2026-07-10T00:00:00+00:00,384,667.6,117.6,7.13,37.29,8.43,DSYA7_L1,12.03,1.002,,,,0,0,0,HYP-NORMAL,
2026-07-10T00:15:00+00:00,385,652.4,114.8,7.15,37.13,8.32,DSYA3_L1,9.69,1.002,,,,0,0,0,HYP-NORMAL,
2026-07-10T00:30:00+00:00,386,637.9,112.4,7.18,36.99,8.22,DSYA7_L1,8.32,1.002,,,,0,0,0,HYP-NORMAL,
2026-07-10T00:45:00+00:00,387,620.7,109.3,7.2,36.85,8.13,DSYA3_L1,7.11,1.002,,,,0,0,0,HYP-NORMAL,
2026-07-10T01:00:00+00:00,388,609.3,107.9,7.22,36.73,8.05,DSYA7_L1,6.17,1.002,,,,0,0,0,HYP-NORMAL,
2026-07-10T01:15:00+00:00,389,597.9,106.2,7.24,36.62,7.98,DSYA3_L1,5.9,1.002,,,,0,0,0,HYP-NORMAL,
2026-07-10T01:30:00+00:00,390,586.4,104.6,7.26,36.53,7.91,DSYA7_L1,5.44,1.002,,,,0,0,0,HYP-NORMAL,
2026-07-10T01:45:00+00:00,391,574.1,103.1,7.28,36.44,7.86,DSYA3_L1,5.2,1.002,,,,0,0,0,HYP-NORMAL,
2026-07-10T02:00:00+00:00,392,566.5,101.6,7.29,36.38,7.82,DSYA7_L1,4.96,1.002,,,,0,0,0,HYP-NORMAL,
2026-07-10T02:15:00+00:00,393,564,101,7.3,36.32,7.78,DSYA3_L1,4.89,1.002,,,,0,0,0,HYP-NORMAL,
2026-07-10T02:30:00+00:00,394,561.9,100.9,7.3,36.29,7.76,DSYA7_L1,4.87,1.002,,,,0,0,0,HYP-NORMAL,
2026-07-10T02:45:00+00:00,395,560.2,100.3,7.3,36.26,7.74,DSYA3_L1,4.7,1.002,,,,0,0,0,HYP-NORMAL,
2026-07-10T03:00:00+00:00,396,556.1,99.3,7.31,36.26,7.74,DSYA4_L1,4.47,1.002,,,,0,0,0,HYP-NORMAL,
2026-07-10T03:15:00+00:00,397,556.6,99.8,7.31,36.26,7.74,DSYA7_L1,4.65,1.002,,,,0,0,0,HYP-NORMAL,
2026-07-10T03:30:00+00:00,398,559.8,100.9,7.3,36.29,7.76,DSYA3_L1,4.4,1.002,,,,0,0,0,HYP-NORMAL,
2026-07-10T03:45:00+00:00,399,557.9,100.2,7.31,36.32,7.78,DSYA3_L1,4.5,1.002,,,,0,0,0,HYP-NORMAL,
2026-07-10T04:00:00+00:00,400,556.8,99.7,7.31,36.38,7.82,DSYA4_L1,4.4,1.002,,,,0,0,0,HYP-NORMAL,
2026-07-10T04:15:00+00:00,401,567.2,101.2,7.29,36.44,7.86,DSYA3_L1,4.48,1.002,,,,0,0,0,HYP-NORMAL,
2026-07-10T04:30:00+00:00,402,578.4,103.1,7.27,36.53,7.91,DSYA3_L1,4.43,1.002,,,,0,0,0,HYP-NORMAL,
2026-07-10T04:45:00+00:00,403,588.6,105,7.26,36.62,7.98,DSYA4_L1,4.85,1.002,,,,0,0,0,HYP-NORMAL,
2026-07-10T05:00:00+00:00,404,604.2,107.1,7.23,36.73,8.05,DSYA7_L1,4.78,1.002,,,,0,0,0,HYP-NORMAL,
2026-07-10T05:15:00+00:00,405,649.5,115.4,7.16,36.85,8.13,DSYA4_L1,5.04,1.002,,,,0,0,0,HYP-NORMAL,
2026-07-10T05:30:00+00:00,406,695,123,7.09,36.99,8.22,DSYA4_L1,5.81,1.002,,,,0,0,0,HYP-NORMAL,
2026-07-10T05:45:00+00:00,407,735.8,129.1,7.02,37.13,8.32,DSYA4_L1,6.6,1.002,,,,0,0,0,HYP-NORMAL,
2026-07-10T06:00:00+00:00,408,782,136.3,6.95,37.29,8.43,DSYA4_L1,7.26,1.002,,,,0,0,0,HYP-NORMAL,
2026-07-10T06:15:00+00:00,409,911.8,155.4,6.74,37.46,8.55,DSYA4_L1,8.23,1.002,,,,0,0,0,HYP-NORMAL,
2026-07-10T06:30:00+00:00,410,1050,176.7,6.52,37.64,8.67,DSYA4_L1,10.56,1.002,,,,0,0,0,HYP-NORMAL,
2026-07-10T06:45:00+00:00,411,1180,195.1,6.31,37.83,8.8,DSYA4_L1,14.48,1.002,,,,0,0,0,HYP-NORMAL,
2026-07-10T07:00:00+00:00,412,1315,213.4,6.09,38.02,8.94,DSYA4_L1,18.31,1.002,,,,0,0,0,HYP-NORMAL,
2026-07-10T07:15:00+00:00,413,1449,230.3,5.88,38.23,9.09,DSYA4_L1,22.39,1.002,,,,0,0,0,HYP-NORMAL,
2026-07-10T07:30:00+00:00,414,1579,245.6,5.67,38.44,9.24,DSYA4_L1,28.09,1.002,,,,0,0,0,HYP-NORMAL,
2026-07-10T07:45:00+00:00,415,1714,260.5,5.45,38.65,9.39,DSYA4_L1,33.01,1.002,,,,0,0,0,HYP-NORMAL,
2026-07-10T08:00:00+00:00,416,1853,276.4,5.23,38.87,9.56,DSYA4_L1,39.19,1.002,,,,0,0,0,HYP-NORMAL,ALM-PANEL-TEMP
2026-07-10T08:15:00+00:00,417,1894,278.8,5.16,39.1,9.72,DSYA4_L1,45.84,1.002,,,,0,0,0,HYP-NORMAL,ALM-PANEL-TEMP
2026-07-10T08:30:00+00:00,418,1939,283.4,5.09,39.33,9.89,DSYA4_L1,49.28,1.002,,,,0,0,0,HYP-NORMAL,ALM-PANEL-TEMP
2026-07-10T08:45:00+00:00,419,1974,287.2,5.03,39.56,10.06,DSYA4_L1,51.38,1.002,,,,0,0,0,HYP-NORMAL,ALM-THR-TERM-WARN;ALM-PANEL-TEMP
2026-07-10T09:00:00+00:00,420,2026,296.7,4.95,39.79,10.24,DSYA4_L1,54.29,1.002,,,,0,0,30,HYP-LOOSE-CONN,ALM-THR-TERM-WARN;ALM-THR-PHASE-DIF;ALM-PANEL-TEMP
2026-07-10T09:15:00+00:00,421,2003,291.3,4.99,40.02,10.42,DSYA4_L1,56.51,1.002,,,,0,0,30,HYP-LOOSE-CONN,ALM-THR-TERM-WARN;ALM-THR-PHASE-DIF;ALM-PANEL-TEMP
2026-07-10T09:30:00+00:00,422,1988,290.9,5.01,40.25,10.6,DSYA4_L1,56.25,1.002,,,,0,0,30,HYP-LOOSE-CONN,ALM-THR-TERM-WARN;ALM-THR-PHASE-DIF;ALM-PANEL-TEMP
2026-07-10T09:45:00+00:00,423,1978,290.2,5.03,40.48,10.77,DSYA4_L1,55.75,1.002,,,,0,0,30,HYP-LOOSE-CONN,ALM-THR-TERM-WARN;ALM-THR-PHASE-DIF;ALM-PANEL-TEMP
2026-07-10T10:00:00+00:00,424,1972,289.4,5.04,40.7,10.95,DSYA4_L1,54.99,1.002,,,,0,0,30,HYP-LOOSE-CONN,ALM-THR-TERM-WARN;ALM-THR-PHASE-DIF;ALM-PANEL-TEMP
2026-07-10T10:15:00+00:00,425,1973,288.3,5.03,40.92,11.13,DSYA4_L1,54.62,1.002,,,,0,0,30,HYP-LOOSE-CONN,ALM-THR-TERM-WARN;ALM-THR-PHASE-DIF;ALM-PANEL-TEMP
2026-07-10T10:30:00+00:00,426,1978,288.5,5.02,41.14,11.3,DSYA4_L1,54.7,1.002,,,,0,0,30,HYP-LOOSE-CONN,ALM-THR-TERM-WARN;ALM-THR-PHASE-DIF;ALM-PANEL-TEMP
2026-07-10T10:45:00+00:00,427,1993,295.2,5.01,41.35,11.47,DSYA4_L1,54.61,1.001,,,,0,0,30,HYP-LOOSE-CONN,ALM-THR-TERM-WARN;ALM-THR-PHASE-DIF;ALM-PANEL-TEMP
2026-07-10T11:00:00+00:00,428,2011,300.8,4.98,41.55,11.64,DSYA4_L1,55.34,1.001,,,,0,0,30,HYP-LOOSE-CONN,ALM-THR-TERM-WARN;ALM-THR-PHASE-DIF;ALM-PANEL-TEMP
2026-07-10T11:15:00+00:00,429,1994,298.6,5.01,41.75,11.8,DSYA4_L1,55.75,1.002,,,,0,0,30,HYP-LOOSE-CONN,ALM-THR-TERM-WARN;ALM-THR-PHASE-DIF;ALM-PANEL-TEMP
2026-07-10T11:30:00+00:00,430,1987,299.1,5.02,41.94,11.96,DSYA4_L1,55.4,1.002,,,,0,0,30,HYP-LOOSE-CONN,ALM-THR-TERM-WARN;ALM-THR-PHASE-DIF;ALM-PANEL-TEMP
2026-07-10T11:45:00+00:00,431,1980,298.3,5.04,42.12,12.11,DSYA4_L1,55.24,1.002,,,,0,0,30,HYP-LOOSE-CONN,ALM-THR-TERM-WARN;ALM-THR-PHASE-DIF;ALM-PANEL-TEMP
2026-07-10T12:00:00+00:00,432,1988,298.2,5.02,42.29,12.25,DSYA3_L1,54.74,1.002,,,,0,0,30,HYP-LOOSE-CONN,ALM-THR-TERM-WARN;ALM-THR-PHASE-DIF;ALM-PANEL-TEMP
2026-07-10T12:15:00+00:00,433,1958,294.3,5.07,42.44,12.39,DSYA4_L1,55.32,1.002,,,,0,0,30,HYP-LOOSE-CONN,ALM-THR-TERM-WARN;ALM-THR-PHASE-DIF;ALM-PANEL-TEMP
2026-07-10T12:30:00+00:00,434,1922,289.7,5.13,42.59,12.52,DSYA3_L1,54.15,1.002,,,,0,0,30,HYP-LOOSE-CONN,ALM-THR-TERM-WARN;ALM-THR-PHASE-DIF;ALM-PANEL-TEMP
2026-07-10T12:45:00+00:00,435,1883,285.8,5.19,42.73,12.63,DSYA3_L1,53.13,1.002,,,,0,0,30,HYP-LOOSE-CONN,ALM-THR-TERM-WARN;ALM-THR-PHASE-DIF;ALM-PANEL-TEMP
2026-07-10T13:00:00+00:00,436,1854,281.4,5.23,42.85,12.74,DSYA3_L1,51.32,1.003,,,,0,0,30,HYP-LOOSE-CONN,ALM-THR-TERM-WARN;ALM-THR-PHASE-DIF;ALM-PANEL-TEMP
2026-07-10T13:15:00+00:00,437,1871,284.6,5.21,42.96,12.84,DSYA3_L1,49.66,1.002,,,,0,0,30,HYP-LOOSE-CONN,ALM-THR-PHASE-DIF;ALM-PANEL-TEMP
2026-07-10T13:30:00+00:00,438,1878,287.8,5.2,43.05,12.92,DSYA3_L1,49.44,1.003,,,,0,0,30,HYP-LOOSE-CONN,ALM-THR-PHASE-DIF;ALM-PANEL-TEMP
2026-07-10T13:45:00+00:00,439,1888,290.7,5.19,43.13,12.99,DSYA4_L1,49.19,1.002,,,,0,0,30,HYP-LOOSE-CONN,ALM-THR-PHASE-DIF;ALM-PANEL-TEMP
2026-07-10T14:00:00+00:00,440,1890,289.8,5.18,43.2,13.05,DSYA4_L1,49.82,1.002,,,,0,0,30,HYP-LOOSE-CONN,ALM-THR-PHASE-DIF;ALM-PANEL-TEMP
2026-07-10T14:15:00+00:00,441,1920,296.5,5.14,43.25,13.1,DSYA4_L1,49.58,1.002,,,,0,0,30,HYP-LOOSE-CONN,ALM-THR-PHASE-DIF;ALM-PANEL-TEMP
2026-07-10T14:30:00+00:00,442,1943,299.1,5.1,43.29,13.13,DSYA4_L1,51.35,1.002,,,,0,0,30,HYP-LOOSE-CONN,ALM-THR-TERM-WARN;ALM-THR-PHASE-DIF;ALM-PANEL-TEMP
2026-07-10T14:45:00+00:00,443,1965,299.9,5.06,43.31,13.15,DSYA4_L1,52.52,1.002,,,,0,0,30,HYP-LOOSE-CONN,ALM-THR-TERM-WARN;ALM-THR-PHASE-DIF;ALM-PANEL-TEMP
2026-07-10T15:00:00+00:00,444,1983,299.3,5.03,43.32,13.16,DSYA4_L1,54.02,1.002,,,,0,0,30,HYP-LOOSE-CONN,ALM-THR-TERM-WARN;ALM-THR-PHASE-DIF;ALM-PANEL-TEMP
2026-07-10T15:15:00+00:00,445,1988,300.8,5.03,43.31,13.15,DSYA4_L1,54.83,1.002,,,,0,0,30,HYP-LOOSE-CONN,ALM-THR-TERM-WARN;ALM-THR-PHASE-DIF;ALM-PANEL-TEMP
2026-07-10T15:30:00+00:00,446,1997,301.3,5.01,43.29,13.13,DSYA4_L1,54.87,1.002,,,,0,0,30,HYP-LOOSE-CONN,ALM-THR-TERM-WARN;ALM-THR-PHASE-DIF;ALM-PANEL-TEMP
2026-07-10T15:45:00+00:00,447,1989,298.1,5.02,43.25,13.1,DSYA4_L1,55.64,1.002,,,,0,0,30,HYP-LOOSE-CONN,ALM-THR-TERM-WARN;ALM-THR-PHASE-DIF;ALM-PANEL-TEMP
2026-07-10T16:00:00+00:00,448,1974,295.4,5.04,43.2,13.05,DSYA4_L1,55.45,1.002,,,,0,0,30,HYP-LOOSE-CONN,ALM-THR-TERM-WARN;ALM-THR-PHASE-DIF;ALM-PANEL-TEMP
2026-07-10T16:15:00+00:00,449,1970,295.3,5.05,43.13,12.99,DSYA4_L1,54.89,1.002,,,,0,0,30,HYP-LOOSE-CONN,ALM-THR-TERM-WARN;ALM-THR-PHASE-DIF;ALM-PANEL-TEMP
2026-07-10T16:30:00+00:00,450,1979,297.1,5.04,43.05,12.92,DSYA4_L1,54.41,1.003,,,,0,0,30,HYP-LOOSE-CONN,ALM-THR-TERM-WARN;ALM-THR-PHASE-DIF;ALM-PANEL-TEMP
2026-07-10T16:45:00+00:00,451,1977,297.8,5.04,42.96,12.84,DSYA4_L1,54.72,1.002,,,,0,0,30,HYP-LOOSE-CONN,ALM-THR-TERM-WARN;ALM-THR-PHASE-DIF;ALM-PANEL-TEMP
2026-07-10T17:00:00+00:00,452,1982,301.5,5.04,42.85,12.74,DSYA4_L1,54.73,1.002,,,,0,0,30,HYP-LOOSE-CONN,ALM-THR-TERM-WARN;ALM-THR-PHASE-DIF;ALM-PANEL-TEMP
2026-07-10T17:15:00+00:00,453,1947,297.8,5.09,42.73,12.63,DSYA4_L1,54.6,1.002,,,,0,0,30,HYP-LOOSE-CONN,ALM-THR-TERM-WARN;ALM-THR-PHASE-DIF;ALM-PANEL-TEMP
2026-07-10T17:30:00+00:00,454,1922,292.5,5.13,42.59,12.52,DSYA7_L1,53.68,1.002,,,,0,0,30,HYP-LOOSE-CONN,ALM-THR-TERM-WARN;ALM-THR-PHASE-DIF;ALM-PANEL-TEMP
2026-07-10T17:45:00+00:00,455,1894,287.9,5.17,42.44,12.39,DSYA3_L1,52.42,1.002,,,,0,0,30,HYP-LOOSE-CONN,ALM-THR-TERM-WARN;ALM-THR-PHASE-DIF;ALM-PANEL-TEMP
2026-07-10T18:00:00+00:00,456,1855,286.3,5.24,42.29,12.25,DSYA7_L1,51.42,1.002,,,,0,0,30,HYP-LOOSE-CONN,ALM-THR-TERM-WARN;ALM-THR-PHASE-DIF;ALM-PANEL-TEMP
2026-07-10T18:15:00+00:00,457,1834,284.3,5.27,42.12,12.11,DSYA3_L1,50.15,1.002,,,,0,0,30,HYP-LOOSE-CONN,ALM-THR-TERM-WARN;ALM-THR-PHASE-DIF;ALM-PANEL-TEMP
2026-07-10T18:30:00+00:00,458,1816,282.5,5.3,41.94,11.96,DSYA3_L1,48.64,1.002,,,,0,0,30,HYP-LOOSE-CONN,ALM-THR-PHASE-DIF;ALM-PANEL-TEMP
2026-07-10T18:45:00+00:00,459,1770,277.3,5.38,41.75,11.8,DSYA3_L1,47.46,1.002,,,,0,0,30,HYP-LOOSE-CONN,ALM-THR-PHASE-DIF;ALM-PANEL-TEMP
2026-07-10T19:00:00+00:00,460,1759,274.9,5.39,41.55,11.64,DSYA3_L1,45.8,1.002,,,,0,0,30,HYP-LOOSE-CONN,ALM-THR-PHASE-DIF;ALM-PANEL-TEMP
2026-07-10T19:15:00+00:00,461,1764,273.8,5.38,41.35,11.47,DSYA7_L1,44.78,1.002,,,,0,0,30,HYP-LOOSE-CONN,ALM-THR-PHASE-DIF;ALM-PANEL-TEMP
2026-07-10T19:30:00+00:00,462,1778,275.9,5.36,41.14,11.3,DSYA3_L1,44.2,1.002,,,,0,0,30,HYP-LOOSE-CONN,ALM-THR-PHASE-DIF;ALM-PANEL-TEMP
2026-07-10T19:45:00+00:00,463,1774,275.2,5.37,40.92,11.13,DSYA3_L1,44.34,1.002,,,,0,0,30,HYP-LOOSE-CONN,ALM-THR-PHASE-DIF;ALM-PANEL-TEMP
2026-07-10T20:00:00+00:00,464,1788,278.4,5.35,40.7,10.95,DSYA4_L1,44.07,1.002,,,,0,0,30,HYP-LOOSE-CONN,ALM-THR-PHASE-DIF;ALM-PANEL-TEMP
2026-07-10T20:15:00+00:00,465,1760,274.8,5.39,40.48,10.77,DSYA4_L1,44.45,1.002,,,,0,0,30,HYP-LOOSE-CONN,ALM-THR-PHASE-DIF;ALM-PANEL-TEMP
2026-07-10T20:30:00+00:00,466,1727,268.1,5.44,40.25,10.6,DSYA3_L1,43.65,1.002,,,,0,0,30,HYP-LOOSE-CONN,ALM-THR-PHASE-DIF;ALM-PANEL-TEMP
2026-07-10T20:45:00+00:00,467,1702,262.2,5.47,40.02,10.42,DSYA7_L1,42.81,1.002,,,,0,0,30,HYP-LOOSE-CONN,ALM-THR-PHASE-DIF;ALM-PANEL-TEMP
2026-07-10T21:00:00+00:00,468,1674,258.2,5.52,39.79,10.24,DSYA3_L1,41.97,1.002,,,,0,0,30,HYP-LOOSE-CONN,ALM-THR-PHASE-DIF;ALM-PANEL-TEMP
2026-07-10T21:15:00+00:00,469,1610,250,5.62,39.56,10.06,DSYA3_L1,40.46,1.002,,,,0,0,0,HYP-NORMAL,
2026-07-10T21:30:00+00:00,470,1558,244.3,5.7,39.33,9.89,DSYA3_L1,38.65,1.002,,,,0,0,0,HYP-NORMAL,
2026-07-10T21:45:00+00:00,471,1503,235.8,5.79,39.1,9.72,DSYA3_L1,36.72,1.002,,,,0,0,0,HYP-NORMAL,
2026-07-10T22:00:00+00:00,472,1434,228,5.9,38.87,9.56,DSYA7_L1,34.42,1.002,,,,0,0,0,HYP-NORMAL,
2026-07-10T22:15:00+00:00,473,1331,214.2,6.06,38.65,9.39,DSYA3_L1,31.93,1.002,,,,0,0,0,HYP-NORMAL,
2026-07-10T22:30:00+00:00,474,1234,201.8,6.22,38.44,9.24,DSYA7_L1,29.02,1.002,,,,0,0,0,HYP-NORMAL,
2026-07-10T22:45:00+00:00,475,1129,187.1,6.39,38.23,9.09,DSYA3_L1,25.89,1.002,,,,0,0,0,HYP-NORMAL,
2026-07-10T23:00:00+00:00,476,1025,172.7,6.56,38.02,8.94,DSYA3_L1,22.47,1.002,,,,0,0,0,HYP-NORMAL,
2026-07-10T23:15:00+00:00,477,950.7,162.5,6.68,37.83,8.8,DSYA7_L1,19.31,1.002,,,,0,0,0,HYP-NORMAL,
2026-07-10T23:30:00+00:00,478,871.3,151.7,6.81,37.64,8.67,DSYA3_L1,16.98,1.002,,,,0,0,0,HYP-NORMAL,
2026-07-10T23:45:00+00:00,479,785.6,138,6.94,37.46,8.55,DSYA7_L1,14.2,1.002,,,,0,0,0,HYP-NORMAL,
2026-07-11T00:00:00+00:00,480,704.7,124.8,7.07,37.37,8.49,DSYA7_L1,11.89,1.002,,,,0,0,0,HYP-NORMAL,
2026-07-11T00:15:00+00:00,481,682.1,121.8,7.11,37.22,8.38,DSYA7_L1,10.25,1.002,,,,0,0,0,HYP-NORMAL,
2026-07-11T00:30:00+00:00,482,664.1,118.5,7.14,37.07,8.28,DSYA3_L1,8.6,1.002,,,,0,0,0,HYP-NORMAL,
2026-07-11T00:45:00+00:00,483,644.8,114.9,7.17,36.94,8.19,DSYA3_L1,7.76,1.002,,,,0,0,0,HYP-NORMAL,
2026-07-11T01:00:00+00:00,484,626.7,111.3,7.19,36.81,8.11,DSYA7_L1,6.81,1.002,,,,0,0,0,HYP-NORMAL,
2026-07-11T01:15:00+00:00,485,619.7,110.4,7.21,36.71,8.03,DSYA7_L1,6.24,1.002,,,,0,0,0,HYP-NORMAL,
2026-07-11T01:30:00+00:00,486,599.8,107.4,7.24,36.61,7.97,DSYA7_L1,6.21,1.002,,,,0,0,0,HYP-NORMAL,
2026-07-11T01:45:00+00:00,487,586.1,105.1,7.26,36.53,7.92,DSYA1_L1,5.52,1.002,,,,0,0,0,HYP-NORMAL,
2026-07-11T02:00:00+00:00,488,575.7,103.7,7.28,36.46,7.87,DSYA7_L1,5.31,1.002,,,,0,0,0,HYP-NORMAL,
2026-07-11T02:15:00+00:00,489,570.3,102.6,7.29,36.41,7.84,DSYA3_L1,4.9,1.002,,,,0,0,0,HYP-NORMAL,
2026-07-11T02:30:00+00:00,490,562.9,101.4,7.3,36.37,7.81,DSYA4_L1,4.85,1.002,,,,0,0,0,HYP-NORMAL,
2026-07-11T02:45:00+00:00,491,553.1,98.7,7.31,36.35,7.8,DSYA4_L1,4.51,1.002,,,,0,0,0,HYP-NORMAL,
2026-07-11T03:00:00+00:00,492,547.1,97.7,7.32,36.34,7.79,DSYA7_L1,4.63,1.002,,,,0,0,0,HYP-NORMAL,
2026-07-11T03:15:00+00:00,493,546.4,97.5,7.32,36.35,7.8,DSYA3_L1,4.29,1.002,,,,0,0,0,HYP-NORMAL,
2026-07-11T03:30:00+00:00,494,546.2,97.8,7.32,36.37,7.81,DSYA7_L1,4.46,1.002,,,,0,0,0,HYP-NORMAL,
2026-07-11T03:45:00+00:00,495,540.2,96.8,7.33,36.41,7.84,DSYA7_L1,4.46,1.002,,,,0,0,0,HYP-NORMAL,
2026-07-11T04:00:00+00:00,496,538.4,96.6,7.34,36.46,7.87,DSYA4_L1,4.13,1.002,,,,0,0,0,HYP-NORMAL,
2026-07-11T04:15:00+00:00,497,537.8,96.6,7.34,36.53,7.92,DSYA4_L1,3.99,1.002,,,,0,0,0,HYP-NORMAL,
2026-07-11T04:30:00+00:00,498,541,97.1,7.33,36.61,7.97,DSYA3_L1,4.2,1.002,,,,0,0,0,HYP-NORMAL,
2026-07-11T04:45:00+00:00,499,549.3,98.7,7.32,36.71,8.03,DSYA3_L1,4.34,1.002,,,,0,0,0,HYP-NORMAL,
2026-07-11T05:00:00+00:00,500,555.2,99.2,7.31,36.81,8.11,DSYA3_L1,4.18,1.002,,,,0,0,0,HYP-NORMAL,
2026-07-11T05:15:00+00:00,501,574.1,102.3,7.28,36.94,8.19,DSYA3_L1,4.51,1.002,,,,0,0,0,HYP-NORMAL,
2026-07-11T05:30:00+00:00,502,593.1,105.8,7.25,37.07,8.28,DSYA4_L1,4.44,1.002,,,,0,0,0,HYP-NORMAL,
2026-07-11T05:45:00+00:00,503,610.3,108.4,7.22,37.22,8.38,DSYA7_L1,4.93,1.002,,,,0,0,0,HYP-NORMAL,
2026-07-11T06:00:00+00:00,504,629.2,111.6,7.19,37.37,8.49,DSYA4_L1,5.32,1.002,,,,0,0,0,HYP-NORMAL,
2026-07-11T06:15:00+00:00,505,670.9,118,7.12,37.54,8.61,DSYA4_L1,5.31,1.002,,,,0,0,0,HYP-NORMAL,
2026-07-11T06:30:00+00:00,506,706.1,123.2,7.07,37.72,8.73,DSYA4_L1,6.16,1.002,,,,0,0,0,HYP-NORMAL,
2026-07-11T06:45:00+00:00,507,747.9,129.8,7,37.91,8.86,DSYA4_L1,6.7,1.002,,,,0,0,0,HYP-NORMAL,
2026-07-11T07:00:00+00:00,508,792.9,137.5,6.93,38.11,9,DSYA4_L1,7.66,1.002,,,,0,0,0,HYP-NORMAL,
2026-07-11T07:15:00+00:00,509,860.4,148.1,6.82,38.31,9.15,DSYA4_L1,8.71,1.002,,,,0,0,0,HYP-NORMAL,
2026-07-11T07:30:00+00:00,510,928.5,159.3,6.71,38.52,9.3,DSYA4_L1,10,1.002,,,,0,0,0,HYP-NORMAL,
2026-07-11T07:45:00+00:00,511,1001,169.5,6.6,38.74,9.45,DSYA4_L1,11.76,1.002,,,,0,0,0,HYP-NORMAL,
2026-07-11T08:00:00+00:00,512,1069,181,6.49,38.96,9.62,DSYA4_L1,13.47,1.002,,,,0,0,0,HYP-NORMAL,
2026-07-11T08:15:00+00:00,513,1115,187.6,6.42,39.18,9.78,DSYA4_L1,15.13,1.002,,,,0,0,0,HYP-NORMAL,
2026-07-11T08:30:00+00:00,514,1174,195.2,6.32,39.41,9.95,DSYA4_L1,17.16,1.002,,,,0,0,0,HYP-NORMAL,
2026-07-11T08:45:00+00:00,515,1238,202.5,6.22,39.64,10.13,DSYA4_L1,18.64,1.002,,,,0,0,0,HYP-NORMAL,
2026-07-11T09:00:00+00:00,516,1296,210.4,6.12,39.87,10.3,DSYA4_L1,20.67,1.002,,,,0,0,0,HYP-NORMAL,
2026-07-11T09:15:00+00:00,517,1323,213.7,6.08,40.1,10.48,DSYA4_L1,22.55,1.002,,,,0,0,0,HYP-NORMAL,
2026-07-11T09:30:00+00:00,518,1343,217.1,6.05,40.33,10.66,DSYA4_L1,24.44,1.002,,,,0,0,0,HYP-NORMAL,
2026-07-11T09:45:00+00:00,519,1378,223.7,6,40.56,10.84,DSYA4_L1,24.85,1.002,,,,0,0,0,HYP-NORMAL,
2026-07-11T10:00:00+00:00,520,1408,229.9,5.95,40.78,11.01,DSYA4_L1,25.87,1.002,,,,0,0,0,HYP-NORMAL,
2026-07-11T10:15:00+00:00,521,1416,230.6,5.94,41,11.19,DSYA4_L1,27.2,1.002,,,,0,0,0,HYP-NORMAL,ALM-PANEL-TEMP
2026-07-11T10:30:00+00:00,522,1413,231.5,5.95,41.22,11.37,DSYA4_L1,28.17,1.002,,,,0,0,0,HYP-NORMAL,ALM-PANEL-TEMP
2026-07-11T10:45:00+00:00,523,1415,231.1,5.94,41.43,11.54,DSYA4_L1,27.92,1.002,,,,0,0,0,HYP-NORMAL,ALM-PANEL-TEMP
2026-07-11T11:00:00+00:00,524,1416,231.7,5.94,41.63,11.71,DSYA4_L1,27.95,1.002,,,,0,0,0,HYP-NORMAL,ALM-PANEL-TEMP
2026-07-11T11:15:00+00:00,525,1403,228.2,5.96,41.83,11.87,DSYA4_L1,27.94,1.002,,,,0,0,0,HYP-NORMAL,ALM-PANEL-TEMP
2026-07-11T11:30:00+00:00,526,1399,226,5.96,42.02,12.03,DSYA4_L1,27.95,1.002,,,,0,0,0,HYP-NORMAL,ALM-PANEL-TEMP
2026-07-11T11:45:00+00:00,527,1390,223.3,5.97,42.2,12.18,DSYA4_L1,27.55,1.001,,,,0,0,0,HYP-NORMAL,ALM-PANEL-TEMP
2026-07-11T12:00:00+00:00,528,1396,223.6,5.96,42.36,12.32,DSYA4_L1,27.25,1.002,,,,0,0,0,HYP-NORMAL,ALM-PANEL-TEMP
2026-07-11T12:15:00+00:00,529,1377,223.3,6,42.52,12.46,DSYA4_L1,27.08,1.002,,,,0,0,0,HYP-NORMAL,ALM-PANEL-TEMP
2026-07-11T12:30:00+00:00,530,1349,219.5,6.04,42.67,12.58,DSYA3_L1,26.76,1.002,,,,0,0,0,HYP-NORMAL,ALM-PANEL-TEMP
2026-07-11T12:45:00+00:00,531,1342,219.1,6.05,42.8,12.7,DSYA7_L1,26.38,1.002,,,,0,0,0,HYP-NORMAL,ALM-PANEL-TEMP
2026-07-11T13:00:00+00:00,532,1325,216.7,6.08,42.93,12.81,DSYA3_L1,25.83,1.002,,,,0,0,0,HYP-NORMAL,ALM-PANEL-TEMP
2026-07-11T13:15:00+00:00,533,1320,216.9,6.09,43.03,12.9,DSYA3_L1,25.12,1.002,,,,0,0,0,HYP-NORMAL,ALM-PANEL-TEMP
2026-07-11T13:30:00+00:00,534,1291,212.7,6.14,43.13,12.99,DSYA7_L1,24.83,1.002,,,,0,0,0,HYP-NORMAL,ALM-PANEL-TEMP
2026-07-11T13:45:00+00:00,535,1272,208.6,6.16,43.21,13.06,DSYA7_L1,24.05,1.002,,,,0,0,0,HYP-NORMAL,ALM-PANEL-TEMP
2026-07-11T14:00:00+00:00,536,1242,204.1,6.21,43.28,13.12,DSYA3_L1,23.67,1.002,,,,0,0,0,HYP-NORMAL,ALM-PANEL-TEMP
2026-07-11T14:15:00+00:00,537,1229,203,6.23,43.33,13.17,DSYA3_L1,22.47,1.002,,,,0,0,0,HYP-NORMAL,ALM-PANEL-TEMP
2026-07-11T14:30:00+00:00,538,1215,201.1,6.26,43.37,13.2,DSYA3_L1,22.02,1.002,,,,0,0,0,HYP-NORMAL,ALM-PANEL-TEMP
2026-07-11T14:45:00+00:00,539,1215,202.2,6.26,43.39,13.22,DSYA3_L1,21.68,1.002,,,,0,0,0,HYP-NORMAL,ALM-PANEL-TEMP
2026-07-11T15:00:00+00:00,540,1198,200.2,6.29,43.4,13.23,DSYA3_L1,21.17,1.002,,,,0,0,0,HYP-NORMAL,ALM-PANEL-TEMP
2026-07-11T15:15:00+00:00,541,1196,198.8,6.29,43.39,13.22,DSYA3_L1,20.59,1.002,,,,0,0,0,HYP-NORMAL,ALM-PANEL-TEMP
2026-07-11T15:30:00+00:00,542,1201,199.9,6.28,43.37,13.2,DSYA3_L1,20.33,1.002,,,,0,0,0,HYP-NORMAL,ALM-PANEL-TEMP
2026-07-11T15:45:00+00:00,543,1204,200.7,6.27,43.33,13.17,DSYA4_L1,20.41,1.002,,,,0,0,0,HYP-NORMAL,ALM-PANEL-TEMP
2026-07-11T16:00:00+00:00,544,1203,199.8,6.27,43.28,13.12,DSYA4_L1,20.41,1.002,,,,0,0,0,HYP-NORMAL,ALM-PANEL-TEMP
2026-07-11T16:15:00+00:00,545,1204,199.7,6.27,43.21,13.06,DSYA4_L1,20.41,1.002,,,,0,0,0,HYP-NORMAL,ALM-PANEL-TEMP
2026-07-11T16:30:00+00:00,546,1219,200.7,6.25,43.13,12.99,DSYA7_L1,20.06,1.002,,,,0,0,0,HYP-NORMAL,ALM-PANEL-TEMP
2026-07-11T16:45:00+00:00,547,1231,201.4,6.23,43.03,12.9,DSYA4_L1,20.59,1.002,,,,0,0,0,HYP-NORMAL,ALM-PANEL-TEMP
2026-07-11T17:00:00+00:00,548,1257,206.2,6.19,42.93,12.81,DSYA3_L1,20.85,1.002,,,,0,0,0,HYP-NORMAL,ALM-PANEL-TEMP
2026-07-11T17:15:00+00:00,549,1292,211.3,6.13,42.8,12.7,DSYA4_L1,21.83,1.002,,,,0,0,0,HYP-NORMAL,ALM-PANEL-TEMP
2026-07-11T17:30:00+00:00,550,1328,216.8,6.08,42.67,12.58,DSYA4_L1,22.97,1.003,,,,0,0,0,HYP-NORMAL,ALM-PANEL-TEMP
2026-07-11T17:45:00+00:00,551,1369,221,6.01,42.52,12.46,DSYA4_L1,24.13,1.003,,,,0,0,0,HYP-NORMAL,ALM-PANEL-TEMP
2026-07-11T18:00:00+00:00,552,1409,225.4,5.94,42.36,12.32,DSYA4_L1,25.99,1.002,,,,0,0,0,HYP-NORMAL,ALM-PANEL-TEMP
2026-07-11T18:15:00+00:00,553,1436,228,5.9,42.2,12.18,DSYA4_L1,27.24,1.003,,,,0,0,0,HYP-NORMAL,ALM-PANEL-TEMP
2026-07-11T18:30:00+00:00,554,1460,229.3,5.86,42.02,12.03,DSYA4_L1,28.35,1.002,,,,0,0,0,HYP-NORMAL,ALM-PANEL-TEMP
2026-07-11T18:45:00+00:00,555,1496,233.2,5.8,41.83,11.87,DSYA4_L1,29.69,1.002,,,,0,0,0,HYP-NORMAL,ALM-PANEL-TEMP
2026-07-11T19:00:00+00:00,556,1538,239.2,5.73,41.63,11.71,DSYA4_L1,30.95,1.003,,,,0,0,0,HYP-NORMAL,ALM-PANEL-TEMP
2026-07-11T19:15:00+00:00,557,1554,239.4,5.7,41.43,11.54,DSYA4_L1,32.54,1.002,,,,0,0,0,HYP-NORMAL,ALM-PANEL-TEMP
2026-07-11T19:30:00+00:00,558,1562,239.7,5.69,41.22,11.37,DSYA4_L1,33.65,1.002,,,,0,0,0,HYP-NORMAL,ALM-PANEL-TEMP
2026-07-11T19:45:00+00:00,559,1586,241.8,5.65,41,11.19,DSYA4_L1,34.16,1.003,,,,0,0,0,HYP-NORMAL,ALM-PANEL-TEMP
2026-07-11T20:00:00+00:00,560,1607,246,5.62,40.78,11.01,DSYA4_L1,34.93,1.003,,,,0,0,0,HYP-NORMAL,ALM-PANEL-TEMP
2026-07-11T20:15:00+00:00,561,1587,242.9,5.65,40.56,10.84,DSYA4_L1,35.75,1.003,,,,0,0,0,HYP-NORMAL,ALM-PANEL-TEMP
2026-07-11T20:30:00+00:00,562,1566,240.9,5.68,40.33,10.66,DSYA4_L1,35.32,1.002,,,,0,0,0,HYP-NORMAL,ALM-PANEL-TEMP
2026-07-11T20:45:00+00:00,563,1548,239,5.71,40.1,10.48,DSYA4_L1,34.44,1.002,,,,0,0,0,HYP-NORMAL,
2026-07-11T21:00:00+00:00,564,1528,238.2,5.75,39.87,10.3,DSYA3_L1,33.81,1.002,,,,0,0,0,HYP-NORMAL,
2026-07-11T21:15:00+00:00,565,1487,232,5.81,39.64,10.13,DSYA3_L1,33.2,1.002,,,,0,0,0,HYP-NORMAL,
2026-07-11T21:30:00+00:00,566,1446,227.2,5.88,39.41,9.95,DSYA7_L1,32.38,1.002,,,,0,0,0,HYP-NORMAL,
2026-07-11T21:45:00+00:00,567,1406,221.9,5.94,39.18,9.78,DSYA7_L1,31.01,1.002,,,,0,0,0,HYP-NORMAL,
2026-07-11T22:00:00+00:00,568,1378,219.3,5.99,38.96,9.62,DSYA3_L1,29.37,1.002,,,,0,0,0,HYP-NORMAL,
2026-07-11T22:15:00+00:00,569,1298,209.8,6.12,38.74,9.45,DSYA3_L1,28.21,1.002,,,,0,0,0,HYP-NORMAL,
2026-07-11T22:30:00+00:00,570,1212,199,6.26,38.52,9.3,DSYA3_L1,26.4,1.003,,,,0,0,0,HYP-NORMAL,
2026-07-11T22:45:00+00:00,571,1131,188,6.39,38.31,9.15,DSYA7_L1,23.66,1.003,,,,0,0,0,HYP-NORMAL,
2026-07-11T23:00:00+00:00,572,1054,175.9,6.51,38.11,9,DSYA7_L1,21.36,1.002,,,,0,0,0,HYP-NORMAL,
2026-07-11T23:15:00+00:00,573,950.9,161.3,6.67,37.91,8.86,DSYA3_L1,19.2,1.002,,,,0,0,0,HYP-NORMAL,
2026-07-11T23:30:00+00:00,574,853,146.1,6.83,37.72,8.73,DSYA7_L1,16.21,1.002,,,,0,0,0,HYP-NORMAL,
2026-07-11T23:45:00+00:00,575,763.1,131.7,6.97,37.54,8.61,DSYA3_L1,13.72,1.002,,,,0,0,0,HYP-NORMAL,
2026-07-12T00:00:00+00:00,576,667,116.8,7.13,37.45,8.54,DSYA7_L1,11.53,1.002,,,,0,0,0,HYP-NORMAL,
2026-07-12T00:15:00+00:00,577,652.1,115,7.15,37.3,8.43,DSYA7_L1,9.48,1.002,,,,0,0,0,HYP-NORMAL,
2026-07-12T00:30:00+00:00,578,637.9,112.7,7.18,37.15,8.33,DSYA7_L1,8.29,1.002,,,,0,0,0,HYP-NORMAL,
2026-07-12T00:45:00+00:00,579,623.4,109.7,7.2,37.01,8.24,DSYA3_L1,6.95,1.002,,,,0,0,0,HYP-NORMAL,
2026-07-12T01:00:00+00:00,580,605,106.1,7.23,36.89,8.16,DSYA3_L1,6.53,1.002,,,,0,0,0,HYP-NORMAL,
2026-07-12T01:15:00+00:00,581,591.6,104,7.25,36.78,8.09,DSYA1_L1,5.98,1.002,,,,0,0,0,HYP-NORMAL,
2026-07-12T01:30:00+00:00,582,576.7,101.5,7.27,36.69,8.02,DSYA3_L1,5.63,1.002,,,,0,0,0,HYP-NORMAL,
2026-07-12T01:45:00+00:00,583,564.4,99.5,7.29,36.61,7.97,DSYA3_L1,5.66,1.002,,,,0,0,0,HYP-NORMAL,
2026-07-12T02:00:00+00:00,584,554.3,97.4,7.31,36.54,7.92,DSYA3_L1,4.6,1.002,,,,0,0,0,HYP-NORMAL,
2026-07-12T02:15:00+00:00,585,544.2,95.7,7.32,36.49,7.89,DSYA7_L1,4.81,1.003,,,,0,0,0,HYP-NORMAL,
2026-07-12T02:30:00+00:00,586,535.1,94.1,7.34,36.45,7.86,DSYA7_L1,4.72,1.002,,,,0,0,0,HYP-NORMAL,
2026-07-12T02:45:00+00:00,587,526.5,92.6,7.35,36.43,7.85,DSYA3_L1,4.53,1.002,,,,0,0,0,HYP-NORMAL,
2026-07-12T03:00:00+00:00,588,518.3,91,7.36,36.42,7.84,DSYA3_L1,4.27,1.002,,,,0,0,0,HYP-NORMAL,
2026-07-12T03:15:00+00:00,589,516,90.8,7.37,36.43,7.85,DSYA7_L1,4.13,1.002,,,,0,0,0,HYP-NORMAL,
2026-07-12T03:30:00+00:00,590,514.3,90.4,7.37,36.45,7.86,DSYA7_L1,3.69,1.002,,,,0,0,0,HYP-NORMAL,
2026-07-12T03:45:00+00:00,591,512.4,90.3,7.37,36.49,7.89,DSYA3_L1,3.87,1.002,,,,0,0,0,HYP-NORMAL,
2026-07-12T04:00:00+00:00,592,510.6,90,7.38,36.54,7.92,DSYA7_L1,3.94,1.002,,,,0,0,0,HYP-NORMAL,
2026-07-12T04:15:00+00:00,593,516.3,91.4,7.37,36.61,7.97,DSYA7_L1,3.77,1.002,,,,0,0,0,HYP-NORMAL,
2026-07-12T04:30:00+00:00,594,524.2,92.5,7.35,36.69,8.02,DSYA3_L1,4.04,1.002,,,,0,0,0,HYP-NORMAL,
2026-07-12T04:45:00+00:00,595,528.2,92.9,7.35,36.78,8.09,DSYA7_L1,3.84,1.002,,,,0,0,0,HYP-NORMAL,
2026-07-12T05:00:00+00:00,596,534.5,93.8,7.34,36.89,8.16,DSYA7_L1,3.82,1.002,,,,0,0,0,HYP-NORMAL,
2026-07-12T05:15:00+00:00,597,551.7,96.5,7.31,37.01,8.24,DSYA4_L1,3.82,1.002,,,,0,0,0,HYP-NORMAL,
2026-07-12T05:30:00+00:00,598,568.8,99.4,7.28,37.15,8.33,DSYA7_L1,4.12,1.002,,,,0,0,0,HYP-NORMAL,
2026-07-12T05:45:00+00:00,599,585,101.7,7.26,37.3,8.43,DSYA4_L1,4.26,1.002,,,,0,0,0,HYP-NORMAL,
2026-07-12T06:00:00+00:00,600,599,103.7,7.23,37.45,8.54,DSYA3_L1,4.73,1.002,,,,0,0,0,HYP-NORMAL,
2026-07-12T06:15:00+00:00,601,639.3,109.9,7.17,37.62,8.66,DSYA4_L1,5.03,1.003,,,,0,0,0,HYP-NORMAL,
2026-07-12T06:30:00+00:00,602,684.6,117,7.09,37.8,8.78,DSYA4_L1,5.57,1.003,,,,0,0,0,HYP-NORMAL,
2026-07-12T06:45:00+00:00,603,730,124,7.02,37.99,8.92,DSYA4_L1,6.56,1.003,,,,0,0,0,HYP-NORMAL,
2026-07-12T07:00:00+00:00,604,769.9,129.8,6.96,38.18,9.06,DSYA4_L1,7.43,1.002,,,,0,0,0,HYP-NORMAL,
2026-07-12T07:15:00+00:00,605,837.1,139.1,6.85,38.39,9.2,DSYA4_L1,7.53,1.002,,,,0,0,0,HYP-NORMAL,
2026-07-12T07:30:00+00:00,606,897.1,146.8,6.75,38.6,9.35,DSYA4_L1,9.25,1.003,,,,0,0,0,HYP-NORMAL,
2026-07-12T07:45:00+00:00,607,968.1,156.9,6.63,38.81,9.51,DSYA4_L1,10.3,1.002,,,,0,0,0,HYP-NORMAL,
2026-07-12T08:00:00+00:00,608,1037,165.8,6.52,39.03,9.67,DSYA4_L1,12.47,1.002,,,,0,0,0,HYP-NORMAL,
2026-07-12T08:15:00+00:00,609,1099,174.3,6.42,39.26,9.84,DSYA4_L1,14.28,1.003,,,,0,0,0,HYP-NORMAL,
2026-07-12T08:30:00+00:00,610,1162,182.2,6.32,39.49,10.01,DSYA4_L1,16.35,1.002,,,,0,0,0,HYP-NORMAL,
2026-07-12T08:45:00+00:00,611,1223,189.1,6.22,39.71,10.18,DSYA4_L1,18.4,1.002,,,,0,0,0,HYP-NORMAL,
2026-07-12T09:00:00+00:00,612,1279,195.6,6.13,39.95,10.36,DSYA4_L1,20.58,1.002,,,,0,0,0,HYP-NORMAL,
2026-07-12T09:15:00+00:00,613,1302,196.4,6.08,40.18,10.54,DSYA4_L1,22.44,1.002,,,,0,0,0,HYP-NORMAL,
2026-07-12T09:30:00+00:00,614,1332,199.9,6.04,40.41,10.72,DSYA4_L1,23.38,1.002,,,,0,0,0,HYP-NORMAL,
2026-07-12T09:45:00+00:00,615,1350,202.3,6.01,40.63,10.9,DSYA4_L1,24.01,1.003,,,,0,0,0,HYP-NORMAL,
2026-07-12T10:00:00+00:00,616,1377,205.1,5.96,40.86,11.07,DSYA4_L1,24.87,1.003,,,,0,0,0,HYP-NORMAL,
2026-07-12T10:15:00+00:00,617,1378,205.4,5.96,41.08,11.25,DSYA4_L1,26.09,1.002,,,,0,0,0,HYP-NORMAL,ALM-PANEL-TEMP
2026-07-12T10:30:00+00:00,618,1384,207,5.95,41.29,11.43,DSYA4_L1,26.67,1.002,,,,0,0,0,HYP-NORMAL,ALM-PANEL-TEMP
2026-07-12T10:45:00+00:00,619,1381,205.1,5.96,41.5,11.6,DSYA4_L1,26.83,1.002,,,,0,0,0,HYP-NORMAL,ALM-PANEL-TEMP
2026-07-12T11:00:00+00:00,620,1366,202.8,5.98,41.71,11.77,DSYA4_L1,26.77,1.002,,,,0,0,0,HYP-NORMAL,ALM-PANEL-TEMP
2026-07-12T11:15:00+00:00,621,1356,203.3,6,41.9,11.93,DSYA3_L1,26.14,1.002,,,,0,0,0,HYP-NORMAL,ALM-PANEL-TEMP
2026-07-12T11:30:00+00:00,622,1344,202.1,6.02,42.09,12.09,DSYA7_L1,25.74,1.002,,,,0,0,0,HYP-NORMAL,ALM-PANEL-TEMP
2026-07-12T11:45:00+00:00,623,1331,199.8,6.04,42.27,12.24,DSYA3_L1,25.73,1.014,,,,0,0,0,HYP-NORMAL,ALM-PANEL-TEMP
2026-07-12T12:00:00+00:00,624,1323,199.4,6.05,42.44,12.38,DSYA7_L1,25.29,1.002,,,,0,0,0,HYP-NORMAL,ALM-PANEL-TEMP
2026-07-12T12:15:00+00:00,625,1305,196.7,6.08,42.6,12.52,DSYA4_L1,24.98,1.002,,,,0,0,0,HYP-NORMAL,ALM-PANEL-TEMP
2026-07-12T12:30:00+00:00,626,1278,192.3,6.12,42.74,12.65,DSYA7_L1,24.48,1.002,,,,0,0,0,HYP-NORMAL,ALM-PANEL-TEMP
2026-07-12T12:45:00+00:00,627,1267,191.4,6.14,42.88,12.76,DSYA3_L1,23.85,1.004,,,,0,0,0,HYP-NORMAL,ALM-PANEL-TEMP
2026-07-12T13:00:00+00:00,628,1250,188.1,6.16,43,12.87,DSYA4_L1,23.06,1.002,,,,0,0,0,HYP-NORMAL,ALM-PANEL-TEMP
2026-07-12T13:15:00+00:00,629,1240,187.8,6.18,43.11,12.97,DSYA3_L1,22.73,1.002,,,,0,0,0,HYP-NORMAL,ALM-PANEL-TEMP
2026-07-12T13:30:00+00:00,630,1225,185.9,6.21,43.2,13.05,DSYA3_L1,22.02,1.015,,,,0,0,0,HYP-NORMAL,ALM-PANEL-TEMP
2026-07-12T13:45:00+00:00,631,1204,183.9,6.24,43.28,13.13,DSYA7_L1,21.34,1.034,,,,0,0,0,HYP-NORMAL,ALM-PANEL-TEMP
2026-07-12T14:00:00+00:00,632,1186,181.3,6.27,43.35,13.19,DSYA7_L1,21.05,1.099,,,,0,0,0,HYP-NORMAL,ALM-PANEL-TEMP
2026-07-12T14:15:00+00:00,633,1176,180.1,6.29,43.4,13.23,DSYA7_L1,20.2,1.109,,,,0,0,0,HYP-NORMAL,ALM-PANEL-TEMP
2026-07-12T14:30:00+00:00,634,1168,180,6.3,43.44,13.27,DSYA7_L1,19.84,1.111,,,,0,0,0,HYP-NORMAL,ALM-PANEL-TEMP
2026-07-12T14:45:00+00:00,635,1156,179.2,6.32,43.46,13.29,DSYA3_L1,19.48,1.11,,,,0,0,0,HYP-NORMAL,ALM-PANEL-TEMP
2026-07-12T15:00:00+00:00,636,1143,177.2,6.34,43.47,13.29,DSYA7_L1,18.98,1.12,,,,0,0,0,HYP-NORMAL,ALM-PANEL-TEMP
2026-07-12T15:15:00+00:00,637,1147,177.4,6.34,43.46,13.29,DSYA3_L1,18.56,1.133,,,,0,0,0,HYP-NORMAL,ALM-PANEL-TEMP
2026-07-12T15:30:00+00:00,638,1148,177.2,6.33,43.44,13.27,DSYA3_L1,18.68,1.13,,,,0,0,0,HYP-NORMAL,ALM-PANEL-TEMP
2026-07-12T15:45:00+00:00,639,1166,180.5,6.31,43.4,13.23,DSYA4_L1,18.49,1.13,,,,0,0,0,HYP-NORMAL,ALM-PANEL-TEMP
2026-07-12T16:00:00+00:00,640,1175,182.3,6.29,43.35,13.19,DSYA4_L1,18.96,1.123,,,,0,0,0,HYP-NORMAL,ALM-PANEL-TEMP
2026-07-12T16:15:00+00:00,641,1196,184.9,6.26,43.28,13.13,DSYA4_L1,18.95,1.105,,,,0,0,0,HYP-NORMAL,ALM-PANEL-TEMP
2026-07-12T16:30:00+00:00,642,1208,185.9,6.24,43.2,13.05,DSYA4_L1,19.87,1.085,,,,0,0,0,HYP-NORMAL,ALM-PANEL-TEMP
2026-07-12T16:45:00+00:00,643,1216,186.8,6.23,43.11,12.97,DSYA4_L1,20.42,1.094,,,,0,0,0,HYP-NORMAL,ALM-PANEL-TEMP
2026-07-12T17:00:00+00:00,644,1229,186.5,6.2,43,12.87,DSYA4_L1,20.86,1.091,,,,0,0,0,HYP-NORMAL,ALM-PANEL-TEMP
2026-07-12T17:15:00+00:00,645,1274,191.7,6.13,42.88,12.76,DSYA4_L1,20.88,1.09,,,,0,0,0,HYP-NORMAL,ALM-PANEL-TEMP
2026-07-12T17:30:00+00:00,646,1321,196.7,6.05,42.74,12.65,DSYA4_L1,21.95,1.09,,,,0,0,0,HYP-NORMAL,ALM-PANEL-TEMP
2026-07-12T17:45:00+00:00,647,1368,200.9,5.97,42.6,12.52,DSYA4_L1,23.8,1.094,,,,0,0,0,HYP-NORMAL,ALM-PANEL-TEMP
2026-07-12T18:00:00+00:00,648,1416,206.6,5.89,42.44,12.38,DSYA4_L1,25.56,1.096,,,,0,0,0,HYP-NORMAL,ALM-PANEL-TEMP
2026-07-12T18:15:00+00:00,649,1452,212.5,5.84,42.27,12.24,DSYA4_L1,27.51,1.102,,,,0,0,0,HYP-NORMAL,ALM-PANEL-TEMP
2026-07-12T18:30:00+00:00,650,1485,215.6,5.78,42.09,12.09,DSYA4_L1,28.86,1.104,,,,0,0,0,HYP-NORMAL,ALM-PANEL-TEMP
2026-07-12T18:45:00+00:00,651,1521,220.8,5.73,41.9,11.93,DSYA4_L1,30.27,1.106,,,,0,0,0,HYP-NORMAL,ALM-PANEL-TEMP
2026-07-12T19:00:00+00:00,652,1556,225.4,5.67,41.71,11.77,DSYA4_L1,31.92,1.106,,,,0,0,0,HYP-NORMAL,ALM-PANEL-TEMP
2026-07-12T19:15:00+00:00,653,1576,228.1,5.64,41.5,11.6,DSYA4_L1,33,1.101,,,,0,0,0,HYP-NORMAL,ALM-PANEL-TEMP
2026-07-12T19:30:00+00:00,654,1599,230.8,5.61,41.29,11.43,DSYA4_L1,34.46,1.095,,,,0,0,0,HYP-NORMAL,ALM-PANEL-TEMP
2026-07-12T19:45:00+00:00,655,1605,230.5,5.59,41.08,11.25,DSYA4_L1,35.32,1.102,,,,0,0,0,HYP-NORMAL,ALM-PANEL-TEMP
2026-07-12T20:00:00+00:00,656,1631,233.1,5.55,40.86,11.07,DSYA4_L1,35.64,1.103,,,,0,0,0,HYP-NORMAL,ALM-PANEL-TEMP
2026-07-12T20:15:00+00:00,657,1610,232,5.59,40.63,10.9,DSYA4_L1,36.99,1.107,,,,0,0,0,HYP-NORMAL,ALM-PANEL-TEMP
2026-07-12T20:30:00+00:00,658,1579,228.7,5.64,40.41,10.72,DSYA4_L1,36.67,1.107,,,,0,0,0,HYP-NORMAL,ALM-PANEL-TEMP
2026-07-12T20:45:00+00:00,659,1555,225.6,5.67,40.18,10.54,DSYA3_L1,35.39,1.108,,,,0,0,0,HYP-NORMAL,ALM-PANEL-TEMP
2026-07-12T21:00:00+00:00,660,1549,226.3,5.69,39.95,10.36,DSYA3_L1,34.88,1.113,,,,0,0,0,HYP-NORMAL,
2026-07-12T21:15:00+00:00,661,1512,221.6,5.75,39.71,10.18,DSYA3_L1,34.17,1.155,,,,0,0,0,HYP-NORMAL,
2026-07-12T21:30:00+00:00,662,1467,214.8,5.82,39.49,10.01,DSYA3_L1,32.89,1.143,,,,0,0,0,HYP-NORMAL,
2026-07-12T21:45:00+00:00,663,1414,208.3,5.9,39.26,9.84,DSYA7_L1,31.75,1.142,,,,0,0,0,HYP-NORMAL,
2026-07-12T22:00:00+00:00,664,1387,206.2,5.95,39.03,9.67,DSYA3_L1,30.19,1.145,,,,0,0,0,HYP-NORMAL,
2026-07-12T22:15:00+00:00,665,1300,195.8,6.09,38.81,9.51,DSYA3_L1,29.23,1.144,,,,0,0,0,HYP-NORMAL,
2026-07-12T22:30:00+00:00,666,1221,187.3,6.22,38.6,9.35,DSYA3_L1,26.45,1.148,,,,0,0,0,HYP-NORMAL,
2026-07-12T22:45:00+00:00,667,1131,175.6,6.36,38.39,9.2,DSYA3_L1,24.45,1.154,,,,0,0,0,HYP-NORMAL,
2026-07-12T23:00:00+00:00,668,1048,165,6.5,38.18,9.06,DSYA3_L1,21.93,1.151,,,,0,0,0,HYP-NORMAL,
2026-07-12T23:15:00+00:00,669,941.8,151,6.67,37.99,8.92,DSYA3_L1,19.09,1.152,,,,0,0,0,HYP-NORMAL,
2026-07-12T23:30:00+00:00,670,839.9,136.5,6.83,37.8,8.78,DSYA3_L1,16.41,1.151,,,,0,0,0,HYP-NORMAL,
2026-07-12T23:45:00+00:00,671,739,122.4,7,37.62,8.66,DSYA3_L1,13.77,1.15,,,,0,0,0,HYP-NORMAL,
2026-07-13T00:00:00+00:00,672,628.8,106.1,7.18,37.53,8.59,DSYA3_L1,11.07,1.151,,,,0,0,0,HYP-NORMAL,
