ts,seq,i_ph_max,i_n,thd_i_mean,t_low_c,td_margin_k,worst_point,worst_dt_c,max_k_ratio,min_ttl_h,target_dt_c,target_k_ratio,q_any,dq_codes,pd_pps,risk_score,risk_mode,alarms
2026-04-06T00:15:00+00:00,1,511.5,88.3,7.37,14.52,-1.69,DSYA6_L1,2.01,1,,-0.15,,0,,0,47,HYP-CONDENSE,ALM-DEW-WARN;ALM-DEW-ALM
2026-04-06T00:30:00+00:00,2,500.2,86.7,7.39,14.34,-1.69,DSYA4_L1,2.6,1,,-0.14,,0,,0,47,HYP-CONDENSE,ALM-DEW-WARN;ALM-DEW-ALM
2026-04-06T00:45:00+00:00,3,491,85.2,7.4,14.16,-1.69,DSYA4_L1,2.2,1,,0.25,,0,,0,47,HYP-CONDENSE,ALM-DEW-WARN;ALM-DEW-ALM
2026-04-06T01:00:00+00:00,4,476.1,82.8,7.43,14.01,-1.69,DSYA4_L3,2.2,1,,0.12,1,0,,0,47,HYP-CONDENSE,ALM-DEW-WARN;ALM-DEW-ALM
2026-04-06T01:15:00+00:00,5,465.9,81.5,7.45,13.87,-1.69,DSYA7_L1,2.16,1,,0.1,1,0,,0,47,HYP-CONDENSE,ALM-DEW-WARN;ALM-DEW-ALM
2026-04-06T01:30:00+00:00,6,457,80.1,7.46,13.75,-1.69,DSYA7_L1,2.46,1,,0.42,1,0,,0,47,HYP-CONDENSE,ALM-DEW-WARN;ALM-DEW-ALM
2026-04-06T01:45:00+00:00,7,449.5,79.1,7.47,13.64,-1.69,DSYA1_L1,2.03,1,,0.12,1,0,,0,47,HYP-CONDENSE,ALM-DEW-WARN;ALM-DEW-ALM
2026-04-06T02:00:00+00:00,8,441.5,77.6,7.49,13.56,-1.69,DSYA7_L1,2.02,1,,-0.06,1,0,,0,47,HYP-CONDENSE,ALM-DEW-WARN;ALM-DEW-ALM
2026-04-06T02:15:00+00:00,9,439.2,77.2,7.49,13.49,-1.69,GIRIS_L1,1.95,1,,0.12,1,0,,0,47,HYP-CONDENSE,ALM-DEW-WARN;ALM-DEW-ALM
2026-04-06T02:30:00+00:00,10,437.7,76.9,7.49,13.44,-1.69,DSYA2_L1,2.02,1,,-0.1,1,0,,0,47,HYP-CONDENSE,ALM-DEW-WARN;ALM-DEW-ALM
2026-04-06T02:45:00+00:00,11,436.9,77,7.49,13.41,-1.69,DSYA7_L1,1.91,1,,0.14,1,0,,0,47,HYP-CONDENSE,ALM-DEW-WARN;ALM-DEW-ALM
2026-04-06T03:00:00+00:00,12,433.8,76.6,7.5,13.4,-1.69,DSYA1_L1,1.9,1,,-0.04,1,0,,0,47,HYP-CONDENSE,ALM-DEW-WARN;ALM-DEW-ALM
2026-04-06T03:15:00+00:00,13,429.2,75.8,7.51,13.41,-1.69,DSYA4_L1,1.91,1,,0.24,1,0,,0,47,HYP-CONDENSE,ALM-DEW-WARN;ALM-DEW-ALM
2026-04-06T03:30:00+00:00,14,427.2,75.4,7.51,13.44,-1.69,DSYA7_L1,2.02,1,,0.27,1,0,,0,47,HYP-CONDENSE,ALM-DEW-WARN;ALM-DEW-ALM
2026-04-06T03:45:00+00:00,15,425.8,75.4,7.51,13.49,-1.69,DSYA1_L1,1.91,1,,0.46,1,0,,0,47,HYP-CONDENSE,ALM-DEW-WARN;ALM-DEW-ALM
2026-04-06T04:00:00+00:00,16,427.5,75.6,7.51,13.56,-1.69,DSYA3_L1,1.93,1,,0.31,1,0,,0,47,HYP-CONDENSE,ALM-DEW-WARN;ALM-DEW-ALM
2026-04-06T04:15:00+00:00,17,436.2,77,7.49,13.64,-1.69,DSYA3_L1,1.97,1,,-0.04,1,0,,0,47,HYP-CONDENSE,ALM-DEW-WARN;ALM-DEW-ALM
2026-04-06T04:30:00+00:00,18,441.3,77.7,7.49,13.75,-1.69,DSYA3_L1,1.91,1,,-0.09,1,0,,0,47,HYP-CONDENSE,ALM-DEW-WARN;ALM-DEW-ALM
2026-04-06T04:45:00+00:00,19,450.6,79.1,7.47,13.87,-1.69,DSYA4_L1,1.89,1,,-0.34,1,0,,0,47,HYP-CONDENSE,ALM-DEW-WARN;ALM-DEW-ALM
2026-04-06T05:00:00+00:00,20,458.6,80.2,7.46,14.01,-1.69,DSYA2_L1,1.93,1,,0.23,1,0,,0,47,HYP-CONDENSE,ALM-DEW-WARN;ALM-DEW-ALM
2026-04-06T05:15:00+00:00,21,490.3,85.4,7.41,14.16,-1.69,DSYA4_L1,2.11,1,,-0.01,1,0,,0,47,HYP-CONDENSE,ALM-DEW-WARN;ALM-DEW-ALM
2026-04-06T05:30:00+00:00,22,522.8,90.7,7.35,14.34,-1.69,DSYA4_L1,2.18,1,,0.13,1,0,,0,47,HYP-CONDENSE,ALM-DEW-WARN;ALM-DEW-ALM
2026-04-06T05:45:00+00:00,23,563.5,97.5,7.29,14.52,-1.69,DSYA4_L1,2.69,1,,-0.01,1,0,,0,47,HYP-CONDENSE,ALM-DEW-WARN;ALM-DEW-ALM
2026-04-06T06:00:00+00:00,24,592,101.1,7.24,14.72,-1.69,DSYA4_L1,3.15,1,,0.17,1,0,,0,47,HYP-CONDENSE,ALM-DEW-WARN;ALM-DEW-ALM
2026-04-06T06:15:00+00:00,25,698.3,116.9,7.07,14.94,-1.69,DSYA4_L1,3.05,1,,0.11,1,0,,0,47,HYP-CONDENSE,ALM-DEW-WARN;ALM-DEW-ALM
2026-04-06T06:30:00+00:00,26,804.3,131,6.89,15.17,-1.69,DSYA4_L1,4.33,1,,0.1,1,0,,0,47,HYP-CONDENSE,ALM-DEW-WARN;ALM-DEW-ALM
2026-04-06T06:45:00+00:00,27,909.9,145.5,6.72,15.41,-1.69,DSYA4_L1,5.56,1,,0.23,1,0,,0,47,HYP-CONDENSE,ALM-DEW-WARN;ALM-DEW-ALM
2026-04-06T07:00:00+00:00,28,1018,158.8,6.54,15.66,-1.68,DSYA4_L1,7.52,1,,0.03,1,0,,0,47,HYP-CONDENSE,ALM-DEW-WARN;ALM-DEW-ALM
2026-04-06T07:15:00+00:00,29,1120,171.6,6.37,15.92,-1.68,DSYA4_L1,8.76,1,,0.14,1,0,,0,47,HYP-CONDENSE,ALM-DEW-WARN;ALM-DEW-ALM
2026-04-06T07:30:00+00:00,30,1234,186.1,6.19,16.19,-1.62,DSYA4_L1,10.81,1,,-0.09,1,0,,0,47,HYP-CONDENSE,ALM-DEW-WARN;ALM-DEW-ALM
2026-04-06T07:45:00+00:00,31,1333,198.5,6.03,16.46,-1.53,DSYA4_L1,13.55,1,,0.24,1,0,,0,47,HYP-CONDENSE,ALM-DEW-WARN;ALM-DEW-ALM
2026-04-06T08:00:00+00:00,32,1433,212.4,5.87,16.75,-1.44,DSYA4_L1,15.42,1,,0.31,1,0,,0,47,HYP-CONDENSE,ALM-DEW-WARN;ALM-DEW-ALM
2026-04-06T08:15:00+00:00,33,1472,216.8,5.81,17.03,-1.35,DSYA4_L1,18.52,1,,-0.16,1,0,,0,47,HYP-CONDENSE,ALM-DEW-WARN;ALM-DEW-ALM
2026-04-06T08:30:00+00:00,34,1499,219.3,5.77,17.33,-1.25,DSYA4_L1,19.81,1,,-0.09,1,0,,0,47,HYP-CONDENSE,ALM-DEW-WARN;ALM-DEW-ALM
2026-04-06T08:45:00+00:00,35,1531,222.4,5.71,17.62,-1.15,DSYA4_L1,20.68,1,,0.4,1,0,,0,47,HYP-CONDENSE,ALM-DEW-WARN;ALM-DEW-ALM
2026-04-06T09:00:00+00:00,36,1572,228.1,5.65,17.91,-1.05,DSYA4_L1,21.16,1,,0.39,1,0,,0,47,HYP-CONDENSE,ALM-DEW-WARN;ALM-DEW-ALM
2026-04-06T09:15:00+00:00,37,1570,227.6,5.65,18.21,-0.95,DSYA4_L1,22.64,1,,0.28,1,0,,0,47,HYP-CONDENSE,ALM-DEW-WARN;ALM-DEW-ALM
2026-04-06T09:30:00+00:00,38,1564,226.6,5.66,18.5,-0.84,DSYA4_L1,23.2,1,,0.3,1,0,,0,47,HYP-CONDENSE,ALM-DEW-WARN;ALM-DEW-ALM
2026-04-06T09:45:00+00:00,39,1558,226.3,5.67,18.79,-0.74,DSYA4_L1,22.95,1,,0.22,1,0,,0,47,HYP-CONDENSE,ALM-DEW-WARN;ALM-DEW-ALM
2026-04-06T10:00:00+00:00,40,1547,223.6,5.69,19.08,-0.64,DSYA4_L1,22.74,1,,0.51,1,0,,0,47,HYP-CONDENSE,ALM-DEW-WARN;ALM-DEW-ALM
2026-04-06T10:15:00+00:00,41,1561,226.2,5.67,19.36,-0.54,DSYA4_L1,22.35,1,,0.19,1,0,,0,47,HYP-CONDENSE,ALM-DEW-WARN;ALM-DEW-ALM
2026-04-06T10:30:00+00:00,42,1572,228.1,5.65,19.64,-0.44,DSYA7_L1,22.47,1,,0.27,1,0,,0,47,HYP-CONDENSE,ALM-DEW-WARN;ALM-DEW-ALM
2026-04-06T10:45:00+00:00,43,1582,230.4,5.64,19.91,-0.34,DSYA4_L1,22.72,1,,0.24,1,0,,0,47,HYP-CONDENSE,ALM-DEW-WARN;ALM-DEW-ALM
2026-04-06T11:00:00+00:00,44,1584,232.7,5.64,20.17,-0.25,DSYA3_L1,23.13,1,,0.61,1,0,,0,47,HYP-CONDENSE,ALM-DEW-WARN;ALM-DEW-ALM
2026-04-06T11:15:00+00:00,45,1594,235.7,5.62,20.42,-0.15,DSYA4_L1,23.27,1,,0.33,1,0,,0,47,HYP-CONDENSE,ALM-DEW-WARN;ALM-DEW-ALM
2026-04-06T11:30:00+00:00,46,1599,236.3,5.61,20.66,-0.06,DSYA4_L1,23.64,1,,0.26,1,0,,0,47,HYP-CONDENSE,ALM-DEW-WARN;ALM-DEW-ALM
2026-04-06T11:45:00+00:00,47,1589,235.7,5.63,20.89,0.02,DSYA4_L1,23.87,1,,0.79,1,0,,0,47,HYP-CONDENSE,ALM-DEW-WARN;ALM-DEW-ALM
2026-04-06T12:00:00+00:00,48,1578,235.4,5.65,21.1,0.11,DSYA4_L1,23.44,1,,0.38,1,0,,0,47,HYP-CONDENSE,ALM-DEW-WARN;ALM-DEW-ALM
2026-04-06T12:15:00+00:00,49,1563,234.8,5.68,21.31,0.18,DSYA4_L1,23.55,1,,0.98,1,0,,0,47,HYP-CONDENSE,ALM-DEW-WARN;ALM-DEW-ALM
2026-04-06T12:30:00+00:00,50,1550,234.9,5.7,21.49,0.25,DSYA7_L1,23.06,1,,0.64,1,0,,0,47,HYP-CONDENSE,ALM-DEW-WARN;ALM-DEW-ALM
2026-04-06T12:45:00+00:00,51,1528,232.8,5.74,21.67,0.32,DSYA3_L1,22.67,1,,0.24,1,0,,0,47,HYP-CONDENSE,ALM-DEW-WARN;ALM-DEW-ALM
2026-04-06T13:00:00+00:00,52,1515,233.1,5.76,21.82,0.38,DSYA4_L1,22.15,1,,0.33,1,0,,0,47,HYP-CONDENSE,ALM-DEW-WARN;ALM-DEW-ALM
2026-04-06T13:15:00+00:00,53,1527,236.4,5.75,21.96,0.44,DSYA3_L1,22.18,1,,0.45,1,0,,0,47,HYP-CONDENSE,ALM-DEW-WARN;ALM-DEW-ALM
2026-04-06T13:30:00+00:00,54,1542,237.2,5.72,22.08,0.48,DSYA3_L1,21.98,1,,0.63,1,0,,0,47,HYP-CONDENSE,ALM-DEW-WARN;ALM-DEW-ALM
2026-04-06T13:45:00+00:00,55,1560,242.2,5.7,22.19,0.53,DSYA4_L1,22.18,1,,0.54,1,0,,0,47,HYP-CONDENSE,ALM-DEW-WARN;ALM-DEW-ALM
2026-04-06T14:00:00+00:00,56,1566,243.1,5.69,22.27,0.56,DSYA4_L1,22.56,1,,0.48,1,0,,0,47,HYP-CONDENSE,ALM-DEW-WARN;ALM-DEW-ALM
2026-04-06T14:15:00+00:00,57,1586,247,5.66,22.34,0.59,DSYA4_L1,23.12,1,,0.38,1,0,,0,47,HYP-CONDENSE,ALM-DEW-WARN;ALM-DEW-ALM
2026-04-06T14:30:00+00:00,58,1601,247.6,5.63,22.39,0.6,DSYA4_L1,23.02,1,,0.04,1,0,,0,47,HYP-CONDENSE,ALM-DEW-WARN;ALM-DEW-ALM
2026-04-06T14:45:00+00:00,59,1616,250.4,5.61,22.42,0.62,DSYA4_L1,24.01,1,,0.44,1,0,,0,47,HYP-CONDENSE,ALM-DEW-WARN;ALM-DEW-ALM
2026-04-06T15:00:00+00:00,60,1640,254.5,5.57,22.43,0.62,DSYA4_L1,23.96,1,,0.1,1,0,,0,47,HYP-CONDENSE,ALM-DEW-WARN;ALM-DEW-ALM
2026-04-06T15:15:00+00:00,61,1643,254.7,5.57,22.42,0.62,DSYA4_L1,25.03,1,,0.72,1,0,,0,47,HYP-CONDENSE,ALM-DEW-WARN;ALM-DEW-ALM
2026-04-06T15:30:00+00:00,62,1647,253.8,5.56,22.39,0.6,DSYA4_L1,25.23,1,,0.44,1,0,,0,47,HYP-CONDENSE,ALM-DEW-WARN;ALM-DEW-ALM
2026-04-06T15:45:00+00:00,63,1653,256.3,5.55,22.34,0.59,DSYA4_L1,25.48,1,,0.68,1,0,,0,47,HYP-CONDENSE,ALM-DEW-WARN;ALM-DEW-ALM
2026-04-06T16:00:00+00:00,64,1649,255.6,5.56,22.27,0.56,DSYA4_L1,25.45,1,,0.49,1,0,,0,47,HYP-CONDENSE,ALM-DEW-WARN;ALM-DEW-ALM
2026-04-06T16:15:00+00:00,65,1652,254.3,5.55,22.19,0.53,DSYA4_L1,25.4,1,,0.46,1,0,,0,47,HYP-CONDENSE,ALM-DEW-WARN;ALM-DEW-ALM
2026-04-06T16:30:00+00:00,66,1642,252.4,5.57,22.08,0.48,DSYA4_L1,25.43,1,,0.77,1,0,,0,47,HYP-CONDENSE,ALM-DEW-WARN;ALM-DEW-ALM
2026-04-06T16:45:00+00:00,67,1629,250.8,5.59,21.96,0.44,DSYA4_L1,25.16,1,,0.49,1,0,,0,47,HYP-CONDENSE,ALM-DEW-WARN;ALM-DEW-ALM
2026-04-06T17:00:00+00:00,68,1629,250.5,5.59,21.82,0.38,DSYA4_L1,24.94,1,,0.55,1,0,,0,47,HYP-CONDENSE,ALM-DEW-WARN;ALM-DEW-ALM
2026-04-06T17:15:00+00:00,69,1608,249.5,5.62,21.67,0.32,DSYA7_L1,24.87,1,,0.37,1,0,,0,47,HYP-CONDENSE,ALM-DEW-WARN;ALM-DEW-ALM
2026-04-06T17:30:00+00:00,70,1584,246,5.66,21.49,0.25,DSYA7_L1,24.37,1,,0.46,1,0,,0,47,HYP-CONDENSE,ALM-DEW-WARN;ALM-DEW-ALM
2026-04-06T17:45:00+00:00,71,1562,243.2,5.69,21.31,0.18,DSYA7_L1,23.83,1,,0.77,1,0,,0,47,HYP-CONDENSE,ALM-DEW-WARN;ALM-DEW-ALM
2026-04-06T18:00:00+00:00,72,1540,242.2,5.73,21.1,0.11,DSYA3_L1,23.17,1,,0.38,1,0,,0,47,HYP-CONDENSE,ALM-DEW-WARN;ALM-DEW-ALM
2026-04-06T18:15:00+00:00,73,1511,237.8,5.78,20.89,0.02,DSYA7_L1,22.81,1,,0.56,1,0,,0,47,HYP-CONDENSE,ALM-DEW-WARN;ALM-DEW-ALM
2026-04-06T18:30:00+00:00,74,1496,235.6,5.8,20.66,-0.06,DSYA7_L1,22.25,1,,0.38,1,0,,0,47,HYP-CONDENSE,ALM-DEW-WARN;ALM-DEW-ALM
2026-04-06T18:45:00+00:00,75,1467,230.5,5.84,20.42,-0.15,DSYA7_L1,21.52,1,,0.45,1,0,,0,47,HYP-CONDENSE,ALM-DEW-WARN;ALM-DEW-ALM
2026-04-06T19:00:00+00:00,76,1446,227.2,5.88,20.17,-0.25,DSYA7_L1,20.75,1,,0.22,1,0,,0,47,HYP-CONDENSE,ALM-DEW-WARN;ALM-DEW-ALM
2026-04-06T19:15:00+00:00,77,1459,230.5,5.86,19.91,-0.34,DSYA7_L1,20.26,1,,0.61,1,0,,0,47,HYP-CONDENSE,ALM-DEW-WARN;ALM-DEW-ALM
2026-04-06T19:30:00+00:00,78,1476,233,5.83,19.64,-0.44,DSYA7_L1,20.06,1,,0.41,1,0,,0,47,HYP-CONDENSE,ALM-DEW-WARN;ALM-DEW-ALM
2026-04-06T19:45:00+00:00,79,1485,234.5,5.82,19.36,-0.54,DSYA4_L1,20.26,1,,0.3,1,0,,0,47,HYP-CONDENSE,ALM-DEW-WARN;ALM-DEW-ALM
2026-04-06T20:00:00+00:00,80,1491,235.7,5.81,19.08,-0.64,DSYA3_L1,20.33,1,,0.47,1,0,,0,47,HYP-CONDENSE,ALM-DEW-WARN;ALM-DEW-ALM
2026-04-06T20:15:00+00:00,81,1461,233.5,5.86,18.79,-0.74,DSYA4_L1,20.71,1,,0.37,1,0,,0,47,HYP-CONDENSE,ALM-DEW-WARN;ALM-DEW-ALM
2026-04-06T20:30:00+00:00,82,1440,230.6,5.89,18.5,-0.84,DSYA3_L1,20.15,1,,0.62,1,0,,0,47,HYP-CONDENSE,ALM-DEW-WARN;ALM-DEW-ALM
2026-04-06T20:45:00+00:00,83,1401,223.8,5.95,18.21,-0.95,DSYA3_L1,19.81,1,,0.23,1,0,,0,47,HYP-CONDENSE,ALM-DEW-WARN;ALM-DEW-ALM
2026-04-06T21:00:00+00:00,84,1376,219,5.99,17.91,-1.05,DSYA7_L1,19.1,1,,0.32,1,0,,0,47,HYP-CONDENSE,ALM-DEW-WARN;ALM-DEW-ALM
2026-04-06T21:15:00+00:00,85,1317,207.9,6.08,17.62,-1.15,DSYA3_L1,18.47,1,,0.27,1,0,,0,47,HYP-CONDENSE,ALM-DEW-WARN;ALM-DEW-ALM
2026-04-06T21:30:00+00:00,86,1267,200.4,6.16,17.33,-1.25,DSYA3_L1,17.65,1,,0.51,1,0,,0,47,HYP-CONDENSE,ALM-DEW-WARN;ALM-DEW-ALM
2026-04-06T21:45:00+00:00,87,1210,192.4,6.25,17.03,-1.35,DSYA7_L1,16.1,1,,0.26,1,0,,0,47,HYP-CONDENSE,ALM-DEW-WARN;ALM-DEW-ALM
2026-04-06T22:00:00+00:00,88,1158,185.2,6.33,16.75,-1.44,DSYA7_L1,15.27,1,,0.25,1,0,,0,47,HYP-CONDENSE,ALM-DEW-WARN;ALM-DEW-ALM
2026-04-06T22:15:00+00:00,89,1078,173.8,6.46,16.46,-1.53,DSYA3_L1,13.85,1,,0.06,1,0,,0,47,HYP-CONDENSE,ALM-DEW-WARN;ALM-DEW-ALM
2026-04-06T22:30:00+00:00,90,990.7,162.2,6.6,16.19,-1.62,DSYA3_L1,12.88,1,,0.24,1,0,,0,47,HYP-CONDENSE,ALM-DEW-WARN;ALM-DEW-ALM
2026-04-06T22:45:00+00:00,91,909,150.5,6.73,15.92,-1.68,DSYA7_L1,11.22,1,,0.35,1,0,,0,47,HYP-CONDENSE,ALM-DEW-WARN;ALM-DEW-ALM
2026-04-06T23:00:00+00:00,92,823.3,138.7,6.87,15.66,-1.68,DSYA3_L1,9.82,1,,0.28,1,0,,0,47,HYP-CONDENSE,ALM-DEW-WARN;ALM-DEW-ALM
2026-04-06T23:15:00+00:00,93,744.5,126.1,7,15.41,-1.69,DSYA7_L1,8.14,1,,0.42,1,0,,0,47,HYP-CONDENSE,ALM-DEW-WARN;ALM-DEW-ALM
2026-04-06T23:30:00+00:00,94,669.8,115.1,7.12,15.17,-1.69,DSYA3_L1,7.01,1,,-0.07,1,0,,0,47,HYP-CONDENSE,ALM-DEW-WARN;ALM-DEW-ALM
2026-04-06T23:45:00+00:00,95,594.5,103.9,7.24,14.94,-1.69,DSYA7_L1,6,1,,-0.1,1,0,,0,47,HYP-CONDENSE,ALM-DEW-WARN;ALM-DEW-ALM
2026-04-07T00:00:00+00:00,96,518.1,91.1,7.36,15,-1.69,DSYA3_L1,5.02,1,,0.52,1,0,,0,47,HYP-CONDENSE,ALM-DEW-WARN;ALM-DEW-ALM
2026-04-07T00:15:00+00:00,97,502.5,88.8,7.39,14.8,-1.69,DSYA7_L1,3.87,1,,0.14,1,0,,0,47,HYP-CONDENSE,ALM-DEW-WARN;ALM-DEW-ALM
2026-04-07T00:30:00+00:00,98,490.3,87.2,7.41,14.62,-1.69,DSYA7_L1,3.33,1,,0.17,1,0,,0,47,HYP-CONDENSE,ALM-DEW-WARN;ALM-DEW-ALM
2026-04-07T00:45:00+00:00,99,478.6,85.2,7.43,14.44,-1.69,DSYA3_L1,2.83,1,,-0.52,1,0,,0,47,HYP-CONDENSE,ALM-DEW-WARN;ALM-DEW-ALM
2026-04-07T01:00:00+00:00,100,470,83.1,7.44,14.29,-1.69,DSYA3_L1,2.7,1,,-0.16,1,0,,0,47,HYP-CONDENSE,ALM-DEW-WARN;ALM-DEW-ALM
2026-04-07T01:15:00+00:00,101,458.1,81.1,7.46,14.15,-1.69,DSYA3_L1,2.63,1,,0.17,1,0,,0,47,HYP-CONDENSE,ALM-DEW-WARN;ALM-DEW-ALM
2026-04-07T01:30:00+00:00,102,449,79.3,7.47,14.03,-1.69,DSYA3_L1,2.61,1,,0.04,1,0,,0,47,HYP-CONDENSE,ALM-DEW-WARN;ALM-DEW-ALM
2026-04-07T01:45:00+00:00,103,443.7,79.2,7.48,13.92,-1.69,DSYA3_L1,2.03,1,,0.3,1,0,,0,47,HYP-CONDENSE,ALM-DEW-WARN;ALM-DEW-ALM
2026-04-07T02:00:00+00:00,104,434.7,78,7.5,13.84,-1.69,DSYA1_L3,2.14,1,,0.24,1,0,,0,47,HYP-CONDENSE,ALM-DEW-WARN;ALM-DEW-ALM
2026-04-07T02:15:00+00:00,105,431.6,77.3,7.5,13.77,-1.69,DSYA4_L1,2.2,1,,-0.49,1,0,,0,47,HYP-CONDENSE,ALM-DEW-WARN;ALM-DEW-ALM
2026-04-07T02:30:00+00:00,106,427.2,76.8,7.51,13.72,-1.69,DSYA1_L1,1.93,1,,0.25,1,0,,0,47,HYP-CONDENSE,ALM-DEW-WARN;ALM-DEW-ALM
2026-04-07T02:45:00+00:00,107,425,76.8,7.52,13.7,-1.69,DSYA3_L1,1.96,1,,-0,1,0,,0,47,HYP-CONDENSE,ALM-DEW-WARN;ALM-DEW-ALM
2026-04-07T03:00:00+00:00,108,423.2,76.1,7.52,13.69,-1.69,DSYA1_L1,1.94,1,,0.05,1,0,,0,47,HYP-CONDENSE,ALM-DEW-WARN;ALM-DEW-ALM
2026-04-07T03:15:00+00:00,109,422.9,76.1,7.52,13.7,-1.69,DSYA6_L1,1.79,1,,0.07,1,0,,0,47,HYP-CONDENSE,ALM-DEW-WARN;ALM-DEW-ALM
2026-04-07T03:30:00+00:00,110,423,76.1,7.52,13.72,-1.69,DSYA4_L1,1.74,1,,-0.12,1,0,,0,47,HYP-CONDENSE,ALM-DEW-WARN;ALM-DEW-ALM
2026-04-07T03:45:00+00:00,111,422.2,76.2,7.52,13.77,-1.69,DSYA1_L1,2.01,1,,0.15,1,0,,0,47,HYP-CONDENSE,ALM-DEW-WARN;ALM-DEW-ALM
2026-04-07T04:00:00+00:00,112,423.8,76.3,7.52,13.84,-1.69,DSYA7_L1,2.31,1,,0.01,1,0,,0,47,HYP-CONDENSE,ALM-DEW-WARN;ALM-DEW-ALM
2026-04-07T04:15:00+00:00,113,427.6,76.5,7.51,13.92,-1.69,DSYA4_L3,2.02,1,,-0.11,1,0,,0,47,HYP-CONDENSE,ALM-DEW-WARN;ALM-DEW-ALM
2026-04-07T04:30:00+00:00,114,437.1,77.9,7.49,14.03,-1.69,DSYA4_L1,1.89,1,,-0.02,1,0,,0,47,HYP-CONDENSE,ALM-DEW-WARN;ALM-DEW-ALM
2026-04-07T04:45:00+00:00,115,442.5,78.8,7.49,14.15,-1.69,DSYA4_L1,1.89,1,,-0.12,1,0,,0,47,HYP-CONDENSE,ALM-DEW-WARN;ALM-DEW-ALM
2026-04-07T05:00:00+00:00,116,452.7,80.5,7.47,14.29,-1.69,DSYA2_L1,1.93,1,,0.26,1,0,,0,47,HYP-CONDENSE,ALM-DEW-WARN;ALM-DEW-ALM
2026-04-07T05:15:00+00:00,117,485.4,85.9,7.42,14.44,-1.69,DSYA3_L1,2.19,1,,-0.2,1,0,,0,47,HYP-CONDENSE,ALM-DEW-WARN;ALM-DEW-ALM
2026-04-07T05:30:00+00:00,118,519.9,91.7,7.36,14.62,-1.69,DSYA4_L1,2.2,1,,0.34,1,0,,0,47,HYP-CONDENSE,ALM-DEW-WARN;ALM-DEW-ALM
2026-04-07T05:45:00+00:00,119,549.3,96.1,7.31,14.8,-1.69,DSYA4_L1,2.66,1,,0.14,1,0,,0,47,HYP-CONDENSE,ALM-DEW-WARN;ALM-DEW-ALM
2026-04-07T06:00:00+00:00,120,580.8,101.2,7.26,15,-1.69,DSYA7_L1,2.53,1,,-0.06,1,0,,0,47,HYP-CONDENSE,ALM-DEW-WARN;ALM-DEW-ALM
2026-04-07T06:15:00+00:00,121,684.4,117.7,7.1,15.22,-1.69,DSYA4_L1,2.92,1,,0.32,1,0,,0,47,HYP-CONDENSE,ALM-DEW-WARN;ALM-DEW-ALM
2026-04-07T06:30:00+00:00,122,787.1,133.6,6.93,15.45,-1.69,DSYA4_L1,4.23,1,,0.22,1,0,,0,47,HYP-CONDENSE,ALM-DEW-WARN;ALM-DEW-ALM
2026-04-07T06:45:00+00:00,123,890.7,148.1,6.76,15.69,-1.68,DSYA4_L1,5.45,1,,0.1,1,0,,0,47,HYP-CONDENSE,ALM-DEW-WARN;ALM-DEW-ALM
2026-04-07T07:00:00+00:00,124,995.2,162.1,6.59,15.94,-1.68,DSYA4_L1,6.72,1,,0.06,1,0,,0,47,HYP-CONDENSE,ALM-DEW-WARN;ALM-DEW-ALM
2026-04-07T07:15:00+00:00,125,1100,177.4,6.43,16.2,-1.62,DSYA4_L1,8.81,1,,0.26,1,0,,0,47,HYP-CONDENSE,ALM-DEW-WARN;ALM-DEW-ALM
2026-04-07T07:30:00+00:00,126,1200,190.5,6.26,16.46,-1.53,DSYA4_L1,10.3,1,,0.44,1,0,,0,47,HYP-CONDENSE,ALM-DEW-WARN;ALM-DEW-ALM
2026-04-07T07:45:00+00:00,127,1310,205,6.09,16.74,-1.44,DSYA4_L1,12.58,1,,0.15,1,0,,0,47,HYP-CONDENSE,ALM-DEW-WARN;ALM-DEW-ALM
2026-04-07T08:00:00+00:00,128,1425,221.7,5.91,17.02,-1.35,DSYA4_L1,15.1,1,,0.37,1,0,,0,47,HYP-CONDENSE,ALM-DEW-WARN;ALM-DEW-ALM
2026-04-07T08:15:00+00:00,129,1455,224.7,5.86,17.31,-1.25,DSYA4_L1,18,1,,0.22,1,0,,0,47,HYP-CONDENSE,ALM-DEW-WARN;ALM-DEW-ALM
2026-04-07T08:30:00+00:00,130,1496,229.4,5.79,17.6,-1.16,DSYA4_L1,19.62,1,,0.06,1,0,,0,47,HYP-CONDENSE,ALM-DEW-WARN;ALM-DEW-ALM
2026-04-07T08:45:00+00:00,131,1518,231.3,5.75,17.89,-1.06,DSYA4_L1,20.7,1,,0.5,1,0,,0,47,HYP-CONDENSE,ALM-DEW-WARN;ALM-DEW-ALM
2026-04-07T09:00:00+00:00,132,1541,234.7,5.72,18.19,-0.96,DSYA4_L1,21.21,1,,0.69,1,0,,0,47,HYP-CONDENSE,ALM-DEW-WARN;ALM-DEW-ALM
2026-04-07T09:15:00+00:00,133,1529,234.3,5.74,18.48,-0.85,DSYA4_L1,21.79,1,,0.26,1,0,,0,47,HYP-CONDENSE,ALM-DEW-WARN;ALM-DEW-ALM
2026-04-07T09:30:00+00:00,134,1509,231.1,5.77,18.77,-0.75,DSYA4_L1,21.84,1,,0.51,1,0,,0,47,HYP-CONDENSE,ALM-DEW-WARN;ALM-DEW-ALM
2026-04-07T09:45:00+00:00,135,1500,231,5.79,19.06,-0.65,DSYA3_L1,21.39,1,,0.38,1,0,,0,47,HYP-CONDENSE,ALM-DEW-WARN;ALM-DEW-ALM
2026-04-07T10:00:00+00:00,136,1493,229.2,5.8,19.35,-0.54,DSYA4_L1,21.33,1,,0.83,1,0,,0,47,HYP-CONDENSE,ALM-DEW-WARN;ALM-DEW-ALM
2026-04-07T10:15:00+00:00,137,1499,230.7,5.79,19.63,-0.44,DSYA4_L1,20.82,1,,0.82,1,0,,0,47,HYP-CONDENSE,ALM-DEW-WARN;ALM-DEW-ALM
2026-04-07T10:30:00+00:00,138,1511,230.8,5.76,19.91,-0.34,DSYA4_L1,20.64,1,,-0.22,1,0,,0,47,HYP-CONDENSE,ALM-DEW-WARN;ALM-DEW-ALM
2026-04-07T10:45:00+00:00,139,1525,232.8,5.74,20.17,-0.24,DSYA4_L1,21.33,1,,0.34,1,0,,0,47,HYP-CONDENSE,ALM-DEW-WARN;ALM-DEW-ALM
2026-04-07T11:00:00+00:00,140,1535,235.5,5.73,20.43,-0.15,DSYA4_L1,21.38,1,,0.54,1,0,,0,47,HYP-CONDENSE,ALM-DEW-WARN;ALM-DEW-ALM
2026-04-07T11:15:00+00:00,141,1535,234.8,5.73,20.68,-0.05,DSYA4_L1,21.94,1,,-0.11,1,0,,0,47,HYP-CONDENSE,ALM-DEW-WARN;ALM-DEW-ALM
2026-04-07T11:30:00+00:00,142,1528,234.3,5.74,20.92,0.04,DSYA4_L1,22.46,1,,0.2,1,0,,0,47,HYP-CONDENSE,ALM-DEW-WARN;ALM-DEW-ALM
2026-04-07T11:45:00+00:00,143,1523,232.6,5.75,21.15,0.12,DSYA4_L1,21.86,1,,0.29,1,0,,0,47,HYP-CONDENSE,ALM-DEW-WARN;ALM-DEW-ALM
2026-04-07T12:00:00+00:00,144,1517,231.1,5.76,21.37,0.21,DSYA4_L1,21.54,1,,0.32,1,0,,0,47,HYP-CONDENSE,ALM-DEW-WARN;ALM-DEW-ALM
2026-04-07T12:15:00+00:00,145,1491,227,5.79,21.57,0.28,DSYA3_L1,21.46,1,,0.3,1,0,,0,47,HYP-CONDENSE,ALM-DEW-WARN;ALM-DEW-ALM
2026-04-07T12:30:00+00:00,146,1478,227.6,5.82,21.75,0.36,DSYA4_L1,21.26,1,,0.38,1,0,,0,47,HYP-CONDENSE,ALM-DEW-WARN;ALM-DEW-ALM
2026-04-07T12:45:00+00:00,147,1459,226.4,5.85,21.93,0.42,DSYA7_L1,20.74,1,,0.93,1,0,,0,47,HYP-CONDENSE,ALM-DEW-WARN;ALM-DEW-ALM
2026-04-07T13:00:00+00:00,148,1443,223.7,5.88,22.08,0.48,DSYA7_L1,20.14,1,,0.33,1,0,,0,47,HYP-CONDENSE,ALM-DEW-WARN;ALM-DEW-ALM
2026-04-07T13:15:00+00:00,149,1443,221.7,5.87,22.22,0.54,DSYA3_L1,19.87,1,,0.13,1,0,,0,47,HYP-CONDENSE,ALM-DEW-WARN;ALM-DEW-ALM
2026-04-07T13:30:00+00:00,150,1466,225,5.84,22.34,0.59,DSYA3_L1,19.67,1,,0.37,1,0,,0,47,HYP-CONDENSE,ALM-DEW-WARN;ALM-DEW-ALM
2026-04-07T13:45:00+00:00,151,1473,226.2,5.83,22.45,0.63,DSYA4_L1,19.75,1,,0.27,1,0,,0,47,HYP-CONDENSE,ALM-DEW-WARN;ALM-DEW-ALM
2026-04-07T14:00:00+00:00,152,1482,227.1,5.81,22.53,0.66,DSYA4_L1,20.19,1,,0.36,1,0,,0,47,HYP-CONDENSE,ALM-DEW-WARN;ALM-DEW-ALM
2026-04-07T14:15:00+00:00,153,1497,229.7,5.79,22.6,0.69,DSYA4_L1,20.31,1,,0.21,1,0,,0,47,HYP-CONDENSE,ALM-DEW-WARN;ALM-DEW-ALM
2026-04-07T14:30:00+00:00,154,1498,229,5.79,22.65,0.71,DSYA4_L1,20.69,1,,0.63,1,0,,0,47,HYP-CONDENSE,ALM-DEW-WARN;ALM-DEW-ALM
2026-04-07T14:45:00+00:00,155,1517,232.1,5.76,22.67,0.72,DSYA3_L1,20.81,1,,0.72,1,0,,0,47,HYP-CONDENSE,ALM-DEW-WARN;ALM-DEW-ALM
2026-04-07T15:00:00+00:00,156,1540,234.3,5.72,22.68,0.72,DSYA4_L1,21.39,1,,0.4,1,0,,0,47,HYP-CONDENSE,ALM-DEW-WARN;ALM-DEW-ALM
2026-04-07T15:15:00+00:00,157,1535,233.7,5.73,22.67,0.72,DSYA4_L1,21.52,1,,0.51,1,0,,0,47,HYP-CONDENSE,ALM-DEW-WARN;ALM-DEW-ALM
2026-04-07T15:30:00+00:00,158,1529,232.6,5.74,22.65,0.71,DSYA4_L1,22.01,1,,0.62,1,0,,0,47,HYP-CONDENSE,ALM-DEW-WARN;ALM-DEW-ALM
2026-04-07T15:45:00+00:00,159,1528,231.8,5.74,22.6,0.69,DSYA4_L1,21.86,1,,0.58,1,0,,0,47,HYP-CONDENSE,ALM-DEW-WARN;ALM-DEW-ALM
2026-04-07T16:00:00+00:00,160,1531,232.6,5.73,22.53,0.66,DSYA4_L1,22.13,1,,0.56,1,0,,0,47,HYP-CONDENSE,ALM-DEW-WARN;ALM-DEW-ALM
2026-04-07T16:15:00+00:00,161,1533,231.3,5.73,22.45,0.63,DSYA4_L1,21.7,1,,0.19,1,0,,0,47,HYP-CONDENSE,ALM-DEW-WARN;ALM-DEW-ALM
2026-04-07T16:30:00+00:00,162,1532,231.1,5.73,22.34,0.59,DSYA4_L1,21.96,1,,0.16,1,0,,0,47,HYP-CONDENSE,ALM-DEW-WARN;ALM-DEW-ALM
2026-04-07T16:45:00+00:00,163,1520,230.5,5.75,22.22,0.54,DSYA3_L1,22.07,1,,0.05,1,0,,0,47,HYP-CONDENSE,ALM-DEW-WARN;ALM-DEW-ALM
2026-04-07T17:00:00+00:00,164,1510,228.9,5.76,22.08,0.48,DSYA3_L1,21.83,1,,0.36,1,0,,0,47,HYP-CONDENSE,ALM-DEW-WARN;ALM-DEW-ALM
2026-04-07T17:15:00+00:00,165,1491,226.9,5.8,21.93,0.42,DSYA7_L1,21.45,1,,0.43,1,0,,0,47,HYP-CONDENSE,ALM-DEW-WARN;ALM-DEW-ALM
2026-04-07T17:30:00+00:00,166,1472,225.2,5.83,21.75,0.36,DSYA4_L1,21.12,1,,0.55,1,0,,0,47,HYP-CONDENSE,ALM-DEW-WARN;ALM-DEW-ALM
2026-04-07T17:45:00+00:00,167,1455,223,5.85,21.57,0.28,DSYA3_L1,20.59,1,,0.45,1,0,,0,47,HYP-CONDENSE,ALM-DEW-WARN;ALM-DEW-ALM
2026-04-07T18:00:00+00:00,168,1430,220,5.89,21.37,0.21,DSYA4_L1,20.34,1,,0.23,1,0,,0,47,HYP-CONDENSE,ALM-DEW-WARN;ALM-DEW-ALM
2026-04-07T18:15:00+00:00,169,1406,216.9,5.93,21.15,0.12,DSYA4_L1,19.61,1,,0.44,1,0,,0,47,HYP-CONDENSE,ALM-DEW-WARN;ALM-DEW-ALM
2026-04-07T18:30:00+00:00,170,1386,214.2,5.96,20.92,0.04,DSYA7_L1,19.5,1,,0.46,1,0,,0,47,HYP-CONDENSE,ALM-DEW-WARN;ALM-DEW-ALM
2026-04-07T18:45:00+00:00,171,1370,212,5.99,20.68,-0.05,DSYA7_L1,18.48,1,,0.49,1,0,,0,47,HYP-CONDENSE,ALM-DEW-WARN;ALM-DEW-ALM
2026-04-07T19:00:00+00:00,172,1357,210.7,6.01,20.43,-0.15,DSYA3_L1,18.11,1,,0.41,1,0,,0,47,HYP-CONDENSE,ALM-DEW-WARN;ALM-DEW-ALM
2026-04-07T19:15:00+00:00,173,1369,211.9,5.99,20.17,-0.24,DSYA7_L1,17.72,1,,0.19,1,0,,0,47,HYP-CONDENSE,ALM-DEW-WARN;ALM-DEW-ALM
2026-04-07T19:30:00+00:00,174,1396,217.1,5.95,19.91,-0.34,DSYA3_L1,17.57,1,,0.23,1,0,,0,47,HYP-CONDENSE,ALM-DEW-WARN;ALM-DEW-ALM
2026-04-07T19:45:00+00:00,175,1405,219.4,5.94,19.63,-0.44,DSYA4_L1,18.08,1,,0.46,1,0,,0,47,HYP-CONDENSE,ALM-DEW-WARN;ALM-DEW-ALM
2026-04-07T20:00:00+00:00,176,1421,219.6,5.91,19.35,-0.54,DSYA3_L1,18.3,1,,0.56,1,0,,0,47,HYP-CONDENSE,ALM-DEW-WARN;ALM-DEW-ALM
2026-04-07T20:15:00+00:00,177,1398,216.1,5.95,19.06,-0.65,DSYA4_L1,18.56,1,,0.18,1,0,,0,47,HYP-CONDENSE,ALM-DEW-WARN;ALM-DEW-ALM
2026-04-07T20:30:00+00:00,178,1373,214.7,5.99,18.77,-0.75,DSYA4_L1,18.24,1,,0.37,1,0,,0,47,HYP-CONDENSE,ALM-DEW-WARN;ALM-DEW-ALM
2026-04-07T20:45:00+00:00,179,1349,211,6.03,18.48,-0.85,DSYA7_L1,18.03,1,,0.36,1,0,,0,47,HYP-CONDENSE,ALM-DEW-WARN;ALM-DEW-ALM
2026-04-07T21:00:00+00:00,180,1326,208.2,6.06,18.19,-0.96,DSYA7_L1,17.5,1,,0.71,1,0,,0,47,HYP-CONDENSE,ALM-DEW-WARN;ALM-DEW-ALM
2026-04-07T21:15:00+00:00,181,1264,200.5,6.16,17.89,-1.06,DSYA7_L1,17.29,1,,0.45,1,0,,0,47,HYP-CONDENSE,ALM-DEW-WARN;ALM-DEW-ALM
2026-04-07T21:30:00+00:00,182,1206,191.8,6.25,17.6,-1.16,DSYA3_L1,16.06,1,,0.49,1,0,,0,47,HYP-CONDENSE,ALM-DEW-WARN;ALM-DEW-ALM
2026-04-07T21:45:00+00:00,183,1148,183.3,6.35,17.31,-1.25,DSYA3_L1,15.07,1,,-0.02,1,0,,0,47,HYP-CONDENSE,ALM-DEW-WARN;ALM-DEW-ALM
2026-04-07T22:00:00+00:00,184,1106,178.1,6.41,17.02,-1.35,DSYA3_L1,13.81,1,,0.03,1,0,,0,47,HYP-CONDENSE,ALM-DEW-WARN;ALM-DEW-ALM
2026-04-07T22:15:00+00:00,185,1033,168.5,6.53,16.74,-1.44,DSYA3_L1,12.79,1,,0.32,1,0,,0,47,HYP-CONDENSE,ALM-DEW-WARN;ALM-DEW-ALM
2026-04-07T22:30:00+00:00,186,950.4,157.1,6.67,16.46,-1.53,DSYA3_L1,11.72,1,,0.41,1,0,,0,47,HYP-CONDENSE,ALM-DEW-WARN;ALM-DEW-ALM
2026-04-07T22:45:00+00:00,187,877.2,147.1,6.79,16.2,-1.62,DSYA7_L1,10.49,1,,0.25,1,0,,0,47,HYP-CONDENSE,ALM-DEW-WARN;ALM-DEW-ALM
2026-04-07T23:00:00+00:00,188,800.9,136.6,6.91,15.94,-1.68,DSYA7_L1,9.23,1,,0.1,1,0,,0,47,HYP-CONDENSE,ALM-DEW-WARN;ALM-DEW-ALM
2026-04-07T23:15:00+00:00,189,723.5,125.1,7.04,15.69,-1.68,DSYA3_L1,7.95,1,,0.14,1,0,,0,47,HYP-CONDENSE,ALM-DEW-WARN;ALM-DEW-ALM
2026-04-07T23:30:00+00:00,190,651.2,114,7.15,15.45,-1.69,DSYA3_L1,6.57,1,,0.06,1,0,,0,47,HYP-CONDENSE,ALM-DEW-WARN;ALM-DEW-ALM
2026-04-07T23:45:00+00:00,191,577.2,101.8,7.27,15.22,-1.69,DSYA7_L1,5.85,1,,0.33,1,0,,0,47,HYP-CONDENSE,ALM-DEW-WARN;ALM-DEW-ALM
2026-04-08T00:00:00+00:00,192,501.7,88.9,7.39,15.28,-1.69,DSYA7_L1,4.6,1,,0.39,1,0,,0,47,HYP-CONDENSE,ALM-DEW-WARN;ALM-DEW-ALM
2026-04-08T00:15:00+00:00,193,489.8,86.8,7.41,15.08,-1.69,DSYA3_L1,3.94,1,,0.17,1,0,,0,47,HYP-CONDENSE,ALM-DEW-WARN;ALM-DEW-ALM
2026-04-08T00:30:00+00:00,194,479,84.9,7.43,14.9,-1.69,DSYA7_L1,3.3,1,,-0.12,1,0,,0,47,HYP-CONDENSE,ALM-DEW-WARN;ALM-DEW-ALM
2026-04-08T00:45:00+00:00,195,466.6,82.6,7.45,14.73,-1.69,DSYA1_L1,2.73,1,,0.16,1,0,,0,47,HYP-CONDENSE,ALM-DEW-WARN;ALM-DEW-ALM
2026-04-08T01:00:00+00:00,196,456.7,81.3,7.46,14.57,-1.69,DSYA7_L1,2.63,1,,-0.18,1,0,,0,47,HYP-CONDENSE,ALM-DEW-WARN;ALM-DEW-ALM
2026-04-08T01:15:00+00:00,197,448.7,80.1,7.48,14.43,-1.69,DSYA7_L1,2.45,1,,0.51,1,0,,0,47,HYP-CONDENSE,ALM-DEW-WARN;ALM-DEW-ALM
2026-04-08T01:30:00+00:00,198,439.9,78.6,7.49,14.31,-1.69,DSYA1_L1,2.18,1,,-0.22,1,0,,0,47,HYP-CONDENSE,ALM-DEW-WARN;ALM-DEW-ALM
2026-04-08T01:45:00+00:00,199,431.9,77.2,7.5,14.21,-1.69,DSYA4_L1,2.09,1,,0.27,1,0,,0,47,HYP-CONDENSE,ALM-DEW-WARN;ALM-DEW-ALM
2026-04-08T02:00:00+00:00,200,420.1,75.4,7.52,14.12,-1.69,DSYA1_L1,1.94,1,,-0.05,1,0,,0,47,HYP-CONDENSE,ALM-DEW-WARN;ALM-DEW-ALM
2026-04-08T02:15:00+00:00,201,417.7,74.8,7.53,14.06,-1.69,DSYA7_L1,2.07,1,,0.14,1,0,,0,47,HYP-CONDENSE,ALM-DEW-WARN;ALM-DEW-ALM
2026-04-08T02:30:00+00:00,202,412.9,74,7.53,14.01,-1.69,DSYA4_L1,1.83,1,,-0.01,1,0,,0,47,HYP-CONDENSE,ALM-DEW-WARN;ALM-DEW-ALM
2026-04-08T02:45:00+00:00,203,412.9,74.1,7.53,13.98,-1.69,DSYA1_L1,1.8,1,,-0.19,1,0,,0,47,HYP-CONDENSE,ALM-DEW-WARN;ALM-DEW-ALM
2026-04-08T03:00:00+00:00,204,412.1,73.7,7.54,13.97,-1.69,DSYA7_L1,1.85,1,,0.21,1,0,,0,47,HYP-CONDENSE,ALM-DEW-WARN;ALM-DEW-ALM
2026-04-08T03:15:00+00:00,205,412.9,73.9,7.53,13.98,-1.69,DSYA4_L1,1.78,1,,0.16,1,0,,0,47,HYP-CONDENSE,ALM-DEW-WARN;ALM-DEW-ALM
2026-04-08T03:30:00+00:00,206,413,73.9,7.53,14.01,-1.69,DSYA3_L1,2.29,1,,-0.38,1,0,,0,47,HYP-CONDENSE,ALM-DEW-WARN;ALM-DEW-ALM
2026-04-08T03:45:00+00:00,207,413.1,74.1,7.53,14.06,-1.69,DSYA3_L1,1.87,1,,-0.13,1,0,,0,47,HYP-CONDENSE,ALM-DEW-WARN;ALM-DEW-ALM
2026-04-08T04:00:00+00:00,208,413.7,74.1,7.53,14.12,-1.69,DSYA1_L1,2.1,1,,0.03,1,0,,0,47,HYP-CONDENSE,ALM-DEW-WARN;ALM-DEW-ALM
2026-04-08T04:15:00+00:00,209,421.2,75.3,7.52,14.21,-1.69,DSYA3_L1,1.72,1,,0.01,1,0,,0,47,HYP-CONDENSE,ALM-DEW-WARN;ALM-DEW-ALM
2026-04-08T04:30:00+00:00,210,429.6,76.5,7.51,14.31,-1.69,DSYA2_L1,1.64,1,,0.05,1,0,,0,47,HYP-CONDENSE,ALM-DEW-WARN;ALM-DEW-ALM
2026-04-08T04:45:00+00:00,211,437.4,77.9,7.49,14.43,-1.69,DSYA3_L1,1.87,1,,0.17,1,0,,0,47,HYP-CONDENSE,ALM-DEW-WARN;ALM-DEW-ALM
2026-04-08T05:00:00+00:00,212,444.7,79.1,7.48,14.57,-1.69,DSYA3_L1,2.18,1,,-0.04,1,0,,0,47,HYP-CONDENSE,ALM-DEW-WARN;ALM-DEW-ALM
2026-04-08T05:15:00+00:00,213,475.2,84,7.43,14.73,-1.69,DSYA3_L1,1.95,1,,-0.45,1,0,,0,47,HYP-CONDENSE,ALM-DEW-WARN;ALM-DEW-ALM
2026-04-08T05:30:00+00:00,214,505.9,88.5,7.38,14.9,-1.69,DSYA4_L1,2.09,1,,0.29,1,0,,0,47,HYP-CONDENSE,ALM-DEW-WARN;ALM-DEW-ALM
2026-04-08T05:45:00+00:00,215,533.3,92.9,7.34,15.08,-1.69,DSYA3_L1,2.37,1,,0.39,1,0,,0,47,HYP-CONDENSE,ALM-DEW-WARN;ALM-DEW-ALM
2026-04-08T06:00:00+00:00,216,568.7,98.6,7.28,15.28,-1.69,DSYA5_L1,2.8,1,,0.08,1,0,,0,47,HYP-CONDENSE,ALM-DEW-WARN;ALM-DEW-ALM
2026-04-08T06:15:00+00:00,217,667.6,113.6,7.12,15.5,-1.68,DSYA4_L1,2.97,1,,0.22,1,0,,0,47,HYP-CONDENSE,ALM-DEW-WARN;ALM-DEW-ALM
2026-04-08T06:30:00+00:00,218,772.1,129.7,6.95,15.73,-1.68,DSYA3_L1,3.85,1,,0.4,1,0,,0,47,HYP-CONDENSE,ALM-DEW-WARN;ALM-DEW-ALM
2026-04-08T06:45:00+00:00,219,878.4,146.1,6.78,15.96,-1.68,DSYA4_L1,5.65,1,,0.34,1,0,,0,47,HYP-CONDENSE,ALM-DEW-WARN;ALM-DEW-ALM
2026-04-08T07:00:00+00:00,220,980.2,160.9,6.62,16.21,-1.61,DSYA4_L1,6.55,1,,0.07,1,0,,0,47,HYP-CONDENSE,ALM-DEW-WARN;ALM-DEW-ALM
2026-04-08T07:15:00+00:00,221,1084,176.2,6.45,16.47,-1.53,DSYA4_L1,8.36,1,,-0.21,1,0,,0,47,HYP-CONDENSE,ALM-DEW-WARN;ALM-DEW-ALM
2026-04-08T07:30:00+00:00,222,1189,190.9,6.28,16.74,-1.44,DSYA4_L1,10.13,1,,0.34,1,0,,0,47,HYP-CONDENSE,ALM-DEW-WARN;ALM-DEW-ALM
2026-04-08T07:45:00+00:00,223,1294,203.9,6.11,17.02,-1.35,DSYA4_L1,12.17,1,,0.39,1,0,,0,47,HYP-CONDENSE,ALM-DEW-WARN;ALM-DEW-ALM
2026-04-08T08:00:00+00:00,224,1393,216.9,5.96,17.3,-1.26,DSYA4_L1,14.46,1,,0.38,1,0,,0,47,HYP-CONDENSE,ALM-DEW-WARN;ALM-DEW-ALM
2026-04-08T08:15:00+00:00,225,1422,593.4,20.68,17.58,-1.16,DSYA4_L1,17.55,1.006,,0.07,1.006,0,,0,70,HYP-HARMONIC,ALM-DEW-WARN;ALM-DEW-ALM;ALM-NEUTRAL-THD
2026-04-08T08:30:00+00:00,226,1451,600.9,20.5,17.87,-1.06,DSYA4_L1,18.33,1.002,,1.6,0.8642,0,,0,70,HYP-HARMONIC,ALM-DEW-WARN;ALM-DEW-ALM;ALM-NEUTRAL-THD
2026-04-08T08:45:00+00:00,227,1487,610.1,20.3,18.16,-0.96,DSYA4_L1,19.51,1.003,,2.19,0.8593,0,,0,70,HYP-HARMONIC,ALM-DEW-WARN;ALM-DEW-ALM;ALM-NEUTRAL-THD
2026-04-08T09:00:00+00:00,228,1540,623,20,18.46,-0.86,DSYA4_L1,20.3,1.002,,2.21,0.8359,0,,0,70,HYP-HARMONIC,ALM-DEW-WARN;ALM-DEW-ALM;ALM-NEUTRAL-THD
2026-04-08T09:15:00+00:00,229,1533,621.3,20.04,18.75,-0.76,DSYA4_L1,21.85,1.003,,2.64,0.8603,0,,0,70,HYP-HARMONIC,ALM-DEW-WARN;ALM-DEW-ALM;ALM-NEUTRAL-THD
2026-04-08T09:30:00+00:00,230,1519,618.1,20.13,19.04,-0.65,DSYA4_L1,21.54,1.003,,2.77,0.883,0,,0,70,HYP-HARMONIC,ALM-DEW-WARN;ALM-DEW-ALM;ALM-NEUTRAL-THD
2026-04-08T09:45:00+00:00,231,1508,615.3,20.19,19.33,-0.55,DSYA4_L1,21.79,1.004,,2.8,0.9001,0,,0,70,HYP-HARMONIC,ALM-DEW-WARN;ALM-DEW-ALM;ALM-NEUTRAL-THD
2026-04-08T10:00:00+00:00,232,1505,614.5,20.2,19.62,-0.45,DSYA4_L1,21.19,1.003,,2.69,0.9045,0,,0,70,HYP-HARMONIC,ALM-DEW-WARN;ALM-DEW-ALM;ALM-NEUTRAL-THD
2026-04-08T10:15:00+00:00,233,1516,617.2,20.13,19.9,-0.34,DSYA4_L1,21.33,1.003,,2.67,0.9082,0,,0,70,HYP-HARMONIC,ALM-DEW-WARN;ALM-DEW-ALM;ALM-NEUTRAL-THD
2026-04-08T10:30:00+00:00,234,1521,618.4,20.11,20.17,-0.24,DSYA7_L1,21.38,1.003,,2.53,0.9027,0,,0,70,HYP-HARMONIC,ALM-DEW-WARN;ALM-DEW-ALM;ALM-NEUTRAL-THD
2026-04-08T10:45:00+00:00,235,1524,619,20.09,20.44,-0.14,DSYA3_L1,21.41,1.003,,3.05,0.9244,0,,0,70,HYP-HARMONIC,ALM-DEW-WARN;ALM-DEW-ALM;ALM-NEUTRAL-THD
2026-04-08T11:00:00+00:00,236,1536,622.4,20.03,20.7,-0.05,DSYA4_L1,21.72,1.003,,2.6,0.9161,0,,0,70,HYP-HARMONIC,ALM-DEW-WARN;ALM-DEW-ALM;ALM-NEUTRAL-THD
2026-04-08T11:15:00+00:00,237,1535,622.2,20.05,20.95,0.05,DSYA4_L1,22.12,1.003,,2.58,0.9126,0,,0,70,HYP-HARMONIC,ALM-DEW-WARN;ALM-DEW-ALM;ALM-NEUTRAL-THD
2026-04-08T11:30:00+00:00,238,1533,621.7,20.06,21.19,0.14,DSYA4_L1,21.77,1.003,,2.55,0.9087,0,,0,70,HYP-HARMONIC,ALM-DEW-WARN;ALM-DEW-ALM;ALM-NEUTRAL-THD
2026-04-08T11:45:00+00:00,239,1532,621.5,20.06,21.42,0.22,DSYA4_L1,22.05,1.003,,2.87,0.9166,0,,0,70,HYP-HARMONIC,ALM-DEW-WARN;ALM-DEW-ALM;ALM-NEUTRAL-THD
2026-04-08T12:00:00+00:00,240,1526,620.4,20.11,21.63,0.31,DSYA4_L1,21.97,1.003,,2.83,0.9203,0,,0,70,HYP-HARMONIC,ALM-DEW-WARN;ALM-DEW-ALM;ALM-NEUTRAL-THD
2026-04-08T12:15:00+00:00,241,1503,614.4,20.23,21.83,0.39,DSYA3_L1,21.74,1.003,,2.49,0.9131,0,,0,70,HYP-HARMONIC,ALM-DEW-WARN;ALM-DEW-ALM;ALM-NEUTRAL-THD
2026-04-08T12:30:00+00:00,242,1483,609.5,20.34,22.02,0.46,DSYA4_L1,21.37,1.003,,2.49,0.9106,0,,0,70,HYP-HARMONIC,ALM-DEW-WARN;ALM-DEW-ALM;ALM-NEUTRAL-THD
2026-04-08T12:45:00+00:00,243,1464,604.6,20.44,22.19,0.53,DSYA3_L1,20.99,1.003,,2.36,0.9058,0,,0,70,HYP-HARMONIC,ALM-DEW-WARN;ALM-DEW-ALM;ALM-NEUTRAL-THD
2026-04-08T13:00:00+00:00,244,1444,599.1,20.55,22.34,0.59,DSYA7_L1,20.58,1.004,,2.47,0.9057,0,,0,70,HYP-HARMONIC,ALM-DEW-WARN;ALM-DEW-ALM;ALM-NEUTRAL-THD
2026-04-08T13:15:00+00:00,245,1462,603.8,20.44,22.48,0.64,DSYA3_L1,20.17,1.003,,2.68,0.9107,0,,0,70,HYP-HARMONIC,ALM-DEW-WARN;ALM-DEW-ALM;ALM-NEUTRAL-THD
2026-04-08T13:30:00+00:00,246,1466,604.5,20.41,22.6,0.69,DSYA3_L1,19.9,1.003,,2.64,0.9128,0,,0,70,HYP-HARMONIC,ALM-DEW-WARN;ALM-DEW-ALM;ALM-NEUTRAL-THD
2026-04-08T13:45:00+00:00,247,1478,607.9,20.35,22.71,0.73,DSYA4_L1,20,1.003,,2.53,0.9123,0,,0,70,HYP-HARMONIC,ALM-DEW-WARN;ALM-DEW-ALM;ALM-NEUTRAL-THD
2026-04-08T14:00:00+00:00,248,1494,611.9,20.26,22.79,0.77,DSYA4_L1,20.4,1.003,,2.29,0.9068,0,,0,70,HYP-HARMONIC,ALM-DEW-WARN;ALM-DEW-ALM;ALM-NEUTRAL-THD
2026-04-08T14:15:00+00:00,249,1507,614.7,20.18,22.86,0.79,DSYA4_L1,20.7,1.003,,2.26,0.902,0,,0,70,HYP-HARMONIC,ALM-DEW-WARN;ALM-DEW-ALM;ALM-NEUTRAL-THD
2026-04-08T14:30:00+00:00,250,1518,617.5,20.12,22.91,0.81,DSYA4_L1,21.12,1.003,,2.64,0.9044,0,,0,70,HYP-HARMONIC,ALM-DEW-WARN;ALM-DEW-ALM;ALM-NEUTRAL-THD
2026-04-08T14:45:00+00:00,251,1548,624.6,19.95,22.94,0.83,DSYA4_L1,21.38,1.003,,2.85,0.9091,0,,0,70,HYP-HARMONIC,ALM-DEW-WARN;ALM-DEW-ALM;ALM-NEUTRAL-THD
2026-04-08T15:00:00+00:00,252,1563,628.3,19.86,22.94,0.83,DSYA7_L1,21.8,1.003,,2.81,0.9109,0,,0,70,HYP-HARMONIC,ALM-DEW-WARN;ALM-DEW-ALM;ALM-NEUTRAL-THD
2026-04-08T15:15:00+00:00,253,1564,628.4,19.86,22.94,0.83,DSYA4_L1,22.54,1.003,,2.54,0.9069,0,,0,70,HYP-HARMONIC,ALM-DEW-WARN;ALM-DEW-ALM;ALM-NEUTRAL-THD
2026-04-08T15:30:00+00:00,254,1566,629,19.84,22.91,0.81,DSYA4_L1,22.61,1.003,,2.71,0.9075,0,,0,70,HYP-HARMONIC,ALM-DEW-WARN;ALM-DEW-ALM;ALM-NEUTRAL-THD
2026-04-08T15:45:00+00:00,255,1568,629.4,19.84,22.86,0.79,DSYA4_L1,22.71,1.002,,2.74,0.9079,0,,0,70,HYP-HARMONIC,ALM-DEW-WARN;ALM-DEW-ALM;ALM-NEUTRAL-THD
2026-04-08T16:00:00+00:00,256,1564,628,19.84,22.79,0.77,DSYA4_L1,22.94,1.002,,3.04,0.9134,0,,0,70,HYP-HARMONIC,ALM-DEW-WARN;ALM-DEW-ALM;ALM-NEUTRAL-THD
2026-04-08T16:15:00+00:00,257,1556,626.3,19.89,22.71,0.73,DSYA4_L1,22.6,1.002,,2.67,0.9111,0,,0,70,HYP-HARMONIC,ALM-DEW-WARN;ALM-DEW-ALM;ALM-NEUTRAL-THD
2026-04-08T16:30:00+00:00,258,1558,627.2,19.89,22.6,0.69,DSYA3_L1,22.57,1.003,,2.63,0.91,0,,0,70,HYP-HARMONIC,ALM-DEW-WARN;ALM-DEW-ALM;ALM-NEUTRAL-THD
2026-04-08T16:45:00+00:00,259,1548,624.8,19.95,22.48,0.64,DSYA7_L1,23.01,1.003,,3.17,0.9174,0,,0,70,HYP-HARMONIC,ALM-DEW-WARN;ALM-DEW-ALM;ALM-NEUTRAL-THD
2026-04-08T17:00:00+00:00,260,1554,626.3,19.92,22.34,0.59,DSYA3_L1,22.66,1.004,,2.53,0.9126,0,,0,70,HYP-HARMONIC,ALM-DEW-WARN;ALM-DEW-ALM;ALM-NEUTRAL-THD
2026-04-08T17:15:00+00:00,261,1542,623.7,20,22.19,0.53,DSYA4_L1,22.31,1.004,,2.57,0.9111,0,,0,70,HYP-HARMONIC,ALM-DEW-WARN;ALM-DEW-ALM;ALM-NEUTRAL-THD
2026-04-08T17:30:00+00:00,262,1517,617.6,20.14,22.02,0.46,DSYA3_L1,22.64,1.003,,2.62,0.9105,0,,0,70,HYP-HARMONIC,ALM-DEW-WARN;ALM-DEW-ALM;ALM-NEUTRAL-THD
2026-04-08T17:45:00+00:00,263,1497,612.4,20.24,21.83,0.39,DSYA3_L1,21.69,1.002,,2.84,0.9134,0,,0,70,HYP-HARMONIC,ALM-DEW-WARN;ALM-DEW-ALM;ALM-NEUTRAL-THD
2026-04-08T18:00:00+00:00,264,1479,607.9,20.34,21.63,0.31,DSYA7_L1,21.34,1.003,,2.51,0.9116,0,,0,70,HYP-HARMONIC,ALM-DEW-WARN;ALM-DEW-ALM;ALM-NEUTRAL-THD
2026-04-08T18:15:00+00:00,265,1460,603.1,20.44,21.42,0.22,DSYA7_L1,20.99,1.003,,2.47,0.9106,0,,0,70,HYP-HARMONIC,ALM-DEW-WARN;ALM-DEW-ALM;ALM-NEUTRAL-THD
2026-04-08T18:30:00+00:00,266,1443,598.5,20.53,21.19,0.14,DSYA3_L1,20.36,1.003,,2.82,0.9145,0,,0,70,HYP-HARMONIC,ALM-DEW-WARN;ALM-DEW-ALM;ALM-NEUTRAL-THD
2026-04-08T18:45:00+00:00,267,1437,597.1,20.58,20.95,0.05,DSYA3_L1,20.15,1.003,,2.44,0.9131,0,,0,70,HYP-HARMONIC,ALM-DEW-WARN;ALM-DEW-ALM;ALM-NEUTRAL-THD
2026-04-08T19:00:00+00:00,268,1418,592.4,20.69,20.7,-0.05,DSYA3_L1,19.69,1.003,,2.44,0.9129,0,,0,70,HYP-HARMONIC,ALM-DEW-WARN;ALM-DEW-ALM;ALM-NEUTRAL-THD
2026-04-08T19:15:00+00:00,269,1444,599.2,20.55,20.44,-0.14,DSYA3_L1,19.59,1.004,,2.43,0.9129,0,,0,70,HYP-HARMONIC,ALM-DEW-WARN;ALM-DEW-ALM;ALM-NEUTRAL-THD
2026-04-08T19:30:00+00:00,270,1447,599.9,20.53,20.17,-0.24,DSYA4_L1,19.54,1.004,,2.07,0.9084,0,,0,70,HYP-HARMONIC,ALM-DEW-WARN;ALM-DEW-ALM;ALM-NEUTRAL-THD
2026-04-08T19:45:00+00:00,271,1453,601,20.48,19.9,-0.34,DSYA3_L1,19.78,1.004,,2.39,0.9083,0,,0,70,HYP-HARMONIC,ALM-DEW-WARN;ALM-DEW-ALM;ALM-NEUTRAL-THD
2026-04-08T20:00:00+00:00,272,1464,603.9,20.42,19.62,-0.45,DSYA4_L1,19.55,1.004,,2.6,0.9098,0,,0,70,HYP-HARMONIC,ALM-DEW-WARN;ALM-DEW-ALM;ALM-NEUTRAL-THD
2026-04-08T20:15:00+00:00,273,1438,597.2,20.56,19.33,-0.55,DSYA4_L1,20,1.004,,2.53,0.9098,0,,0,70,HYP-HARMONIC,ALM-DEW-WARN;ALM-DEW-ALM;ALM-NEUTRAL-THD
2026-04-08T20:30:00+00:00,274,1407,589,20.74,19.04,-0.65,DSYA7_L1,19.62,1.003,,2.23,0.9072,0,,0,70,HYP-HARMONIC,ALM-DEW-WARN;ALM-DEW-ALM;ALM-NEUTRAL-THD
2026-04-08T20:45:00+00:00,275,1370,579.1,20.94,18.75,-0.76,DSYA3_L1,18.84,1.004,,2.25,0.9062,0,,0,70,HYP-HARMONIC,ALM-DEW-WARN;ALM-DEW-ALM;ALM-NEUTRAL-THD
2026-04-08T21:00:00+00:00,276,1347,572.7,21.07,18.46,-0.86,DSYA3_L1,18.23,1.003,,2.55,0.9086,0,,0,70,HYP-HARMONIC,ALM-DEW-WARN;ALM-DEW-ALM;ALM-NEUTRAL-THD
2026-04-08T21:15:00+00:00,277,1290,556.6,21.4,18.16,-0.96,DSYA3_L1,17.79,1.003,,2.71,0.9127,0,,0,70,HYP-HARMONIC,ALM-DEW-WARN;ALM-DEW-ALM;ALM-NEUTRAL-THD
2026-04-08T21:30:00+00:00,278,1243,542.4,21.66,17.87,-1.06,DSYA3_L1,16.97,1.004,,2.05,0.9106,0,,0,70,HYP-HARMONIC,ALM-DEW-WARN;ALM-DEW-ALM;ALM-NEUTRAL-THD
2026-04-08T21:45:00+00:00,279,1188,525.6,21.97,17.58,-1.16,DSYA3_L1,16.07,1.004,,2.22,0.9122,0,,0,70,HYP-HARMONIC,ALM-DEW-WARN;ALM-DEW-ALM;ALM-NEUTRAL-THD
2026-04-08T22:00:00+00:00,280,1140,510.3,22.24,17.3,-1.26,DSYA3_L1,14.76,1.004,,2.02,0.9126,0,,0,70,HYP-HARMONIC,ALM-DEW-WARN;ALM-DEW-ALM;ALM-NEUTRAL-THD
2026-04-08T22:15:00+00:00,281,1058,482.9,22.7,17.02,-1.35,DSYA7_L1,13.66,1.004,,2.15,0.9149,0,,0,70,HYP-HARMONIC,ALM-DEW-WARN;ALM-DEW-ALM;ALM-NEUTRAL-THD
2026-04-08T22:30:00+00:00,282,985.1,457.4,23.13,16.74,-1.44,DSYA3_L1,12.41,1.004,,1.77,0.9153,0,,0,70,HYP-HARMONIC,ALM-DEW-WARN;ALM-DEW-ALM;ALM-NEUTRAL-THD
2026-04-08T22:45:00+00:00,283,909,429.6,23.56,16.47,-1.53,DSYA7_L1,11.01,1.004,,1.64,0.9161,0,,0,70,HYP-HARMONIC,ALM-DEW-WARN;ALM-DEW-ALM;ALM-NEUTRAL-THD
2026-04-08T23:00:00+00:00,284,827.8,398.4,24.02,16.21,-1.61,DSYA3_L1,9.65,1.004,,1.38,0.9162,0,,0,70,HYP-HARMONIC,ALM-DEW-WARN;ALM-DEW-ALM;ALM-NEUTRAL-THD
2026-04-08T23:15:00+00:00,285,749,366.9,24.46,15.96,-1.68,DSYA7_L1,8.65,1.005,,1.08,0.9158,0,,0,70,HYP-HARMONIC,ALM-DEW-WARN;ALM-DEW-ALM;ALM-NEUTRAL-THD
2026-04-08T23:30:00+00:00,286,673.5,335.4,24.89,15.73,-1.68,DSYA3_L1,7.13,1.005,,1.29,0.9171,0,,0,70,HYP-HARMONIC,ALM-DEW-WARN;ALM-DEW-ALM;ALM-NEUTRAL-THD
2026-04-08T23:45:00+00:00,287,595.7,301.7,25.34,15.5,-1.68,DSYA7_L1,5.95,1.005,,0.97,0.9174,0,,0,70,HYP-HARMONIC,ALM-DEW-WARN;ALM-DEW-ALM;ALM-NEUTRAL-THD
2026-04-09T00:00:00+00:00,288,519.3,267.4,25.76,15.57,-1.68,DSYA3_L1,4.9,1.005,,0.79,0.9176,0,,0,70,HYP-HARMONIC,ALM-DEW-WARN;ALM-DEW-ALM;ALM-NEUTRAL-THD
2026-04-09T00:15:00+00:00,289,509.3,262.8,25.82,15.37,-1.69,DSYA3_L1,3.98,1.005,,0.69,0.9179,0,,0,70,HYP-HARMONIC,ALM-DEW-WARN;ALM-DEW-ALM;ALM-NEUTRAL-THD
2026-04-09T00:30:00+00:00,290,500.2,258.6,25.87,15.18,-1.69,DSYA3_L1,3.3,1.005,,0.73,0.9184,0,,0,70,HYP-HARMONIC,ALM-DEW-WARN;ALM-DEW-ALM;ALM-NEUTRAL-THD
2026-04-09T00:45:00+00:00,291,486.5,252.3,25.95,15.01,-1.69,DSYA1_L1,2.72,1.005,,0.65,0.9187,0,,0,70,HYP-HARMONIC,ALM-DEW-WARN;ALM-DEW-ALM;ALM-NEUTRAL-THD
2026-04-09T01:00:00+00:00,292,472,245.5,26.03,14.86,-1.69,DSYA3_L1,2.7,1.005,,0.47,0.9186,0,,0,70,HYP-HARMONIC,ALM-DEW-WARN;ALM-DEW-ALM;ALM-NEUTRAL-THD
2026-04-09T01:15:00+00:00,293,462.7,241.1,26.08,14.72,-1.69,DSYA3_L1,2.64,1.005,,0.89,0.9195,0,,0,70,HYP-HARMONIC,ALM-DEW-WARN;ALM-DEW-ALM;ALM-NEUTRAL-THD
2026-04-09T01:30:00+00:00,294,455.6,237.7,26.12,14.6,-1.69,DSYA1_L1,2.15,1.005,,0.64,0.9198,0,,0,70,HYP-HARMONIC,ALM-DEW-WARN;ALM-DEW-ALM;ALM-NEUTRAL-THD
2026-04-09T01:45:00+00:00,295,444,232.2,26.19,14.49,-1.69,DSYA7_L1,2.35,1.005,,0.62,0.9201,0,,0,70,HYP-HARMONIC,ALM-DEW-WARN;ALM-DEW-ALM;ALM-NEUTRAL-THD
2026-04-09T02:00:00+00:00,296,437.1,228.8,26.23,14.41,-1.69,DSYA3_L1,2.4,1.005,,-0.11,0.9191,0,,0,70,HYP-HARMONIC,ALM-DEW-WARN;ALM-DEW-ALM;ALM-NEUTRAL-THD
2026-04-09T02:15:00+00:00,297,434.6,227.7,26.24,14.34,-1.69,DSYA7_L1,2.13,1.005,,0.3,0.9191,0,,0,70,HYP-HARMONIC,ALM-DEW-WARN;ALM-DEW-ALM;ALM-NEUTRAL-THD
2026-04-09T02:30:00+00:00,298,429.4,225.2,26.27,14.3,-1.69,DSYA4_L1,1.94,1.005,,0.42,0.9193,0,,0,70,HYP-HARMONIC,ALM-DEW-WARN;ALM-DEW-ALM;ALM-NEUTRAL-THD
2026-04-09T02:45:00+00:00,299,424.3,222.7,26.3,14.27,-1.69,DSYA2_L1,1.81,1.005,,0.18,0.9189,0,,0,70,HYP-HARMONIC,ALM-DEW-WARN;ALM-DEW-ALM;ALM-NEUTRAL-THD
2026-04-09T03:00:00+00:00,300,425.7,223.5,26.29,14.26,-1.69,DSYA3_L1,1.82,1.005,,0.45,0.9192,0,,0,70,HYP-HARMONIC,ALM-DEW-WARN;ALM-DEW-ALM;ALM-NEUTRAL-THD
2026-04-09T03:15:00+00:00,301,425.8,223.6,26.29,14.27,-1.69,DSYA1_L1,1.96,1.005,,0.43,0.9193,0,,0,70,HYP-HARMONIC,ALM-DEW-WARN;ALM-DEW-ALM;ALM-NEUTRAL-THD
2026-04-09T03:30:00+00:00,302,426.4,223.9,26.29,14.3,-1.69,DSYA2_L1,1.72,1.005,,0.32,0.9192,0,,0,70,HYP-HARMONIC,ALM-DEW-WARN;ALM-DEW-ALM;ALM-NEUTRAL-THD
2026-04-09T03:45:00+00:00,303,425,223.2,26.3,14.34,-1.69,DSYA1_L1,1.88,1.005,,0.12,0.9188,0,,0,70,HYP-HARMONIC,ALM-DEW-WARN;ALM-DEW-ALM;ALM-NEUTRAL-THD
2026-04-09T04:00:00+00:00,304,425.5,223.4,26.3,14.41,-1.69,DSYA4_L1,1.8,1.005,,0.59,0.9193,0,,0,70,HYP-HARMONIC,ALM-DEW-WARN;ALM-DEW-ALM;ALM-NEUTRAL-THD
2026-04-09T04:15:00+00:00,305,434,227.5,26.25,14.49,-1.69,DSYA2_L1,1.85,1.005,,0.54,0.9195,0,,0,70,HYP-HARMONIC,ALM-DEW-WARN;ALM-DEW-ALM;ALM-NEUTRAL-THD
2026-04-09T04:30:00+00:00,306,445.1,232.7,26.18,14.6,-1.69,DSYA6_L1,1.85,1.005,,0.15,0.9191,0,,0,70,HYP-HARMONIC,ALM-DEW-WARN;ALM-DEW-ALM;ALM-NEUTRAL-THD
2026-04-09T04:45:00+00:00,307,454.6,237.2,26.13,14.72,-1.69,DSYA3_L1,1.96,1.005,,0.52,0.9194,0,,0,70,HYP-HARMONIC,ALM-DEW-WARN;ALM-DEW-ALM;ALM-NEUTRAL-THD
2026-04-09T05:00:00+00:00,308,463.6,241.3,26.08,14.86,-1.69,DSYA4_L1,2.24,1.005,,-0.02,0.9185,0,,0,70,HYP-HARMONIC,ALM-DEW-WARN;ALM-DEW-ALM;ALM-NEUTRAL-THD
2026-04-09T05:15:00+00:00,309,499.3,258,25.88,15.01,-1.69,DSYA2_L1,2.11,1.005,,0.1,0.9181,0,,0,70,HYP-HARMONIC,ALM-DEW-WARN;ALM-DEW-ALM;ALM-NEUTRAL-THD
2026-04-09T05:30:00+00:00,310,534.1,274,25.69,15.18,-1.69,DSYA2_L1,2.11,1.005,,0.25,0.9178,0,,0,70,HYP-HARMONIC,ALM-DEW-WARN;ALM-DEW-ALM;ALM-NEUTRAL-THD
2026-04-09T05:45:00+00:00,311,572.1,291,25.47,15.37,-1.69,DSYA4_L1,2.34,1.005,,0.43,0.9177,0,,0,70,HYP-HARMONIC,ALM-DEW-WARN;ALM-DEW-ALM;ALM-NEUTRAL-THD
2026-04-09T06:00:00+00:00,312,602.8,304.7,25.3,15.57,-1.68,DSYA4_L1,2.93,1.005,,0.45,0.9174,0,,0,70,HYP-HARMONIC,ALM-DEW-WARN;ALM-DEW-ALM;ALM-NEUTRAL-THD
2026-04-09T06:15:00+00:00,313,706,349,24.71,15.78,-1.68,DSYA4_L1,3.18,1.005,,0.42,0.9168,0,,0,70,HYP-HARMONIC,ALM-DEW-WARN;ALM-DEW-ALM;ALM-NEUTRAL-THD
2026-04-09T06:30:00+00:00,314,808.1,390.6,24.13,16.01,-1.68,DSYA4_L1,4.24,1.005,,0.54,0.9158,0,,0,70,HYP-HARMONIC,ALM-DEW-WARN;ALM-DEW-ALM;ALM-NEUTRAL-THD
2026-04-09T06:45:00+00:00,315,912.1,430.6,23.55,16.25,-1.6,DSYA4_L1,5.66,1.005,,0.91,0.9157,0,,0,70,HYP-HARMONIC,ALM-DEW-WARN;ALM-DEW-ALM;ALM-NEUTRAL-THD
2026-04-09T07:00:00+00:00,316,1007,465,23.02,16.49,-1.52,DSYA4_L1,6.63,1.005,,1.15,0.9154,0,,0,70,HYP-HARMONIC,ALM-DEW-WARN;ALM-DEW-ALM;ALM-NEUTRAL-THD
2026-04-09T07:15:00+00:00,317,1110,500.3,22.43,16.75,-1.44,DSYA4_L1,8.71,1.005,,1.42,0.9155,0,,0,70,HYP-HARMONIC,ALM-DEW-WARN;ALM-DEW-ALM;ALM-NEUTRAL-THD
2026-04-09T07:30:00+00:00,318,1220,535.4,21.81,17.02,-1.35,DSYA4_L1,10.61,1.005,,1.65,0.9154,0,,0,70,HYP-HARMONIC,ALM-DEW-WARN;ALM-DEW-ALM;ALM-NEUTRAL-THD
2026-04-09T07:45:00+00:00,319,1320,565,21.24,17.29,-1.26,DSYA4_L1,13.22,1.005,,1.87,0.9151,0,,0,70,HYP-HARMONIC,ALM-DEW-WARN;ALM-DEW-ALM;ALM-NEUTRAL-THD
2026-04-09T08:00:00+00:00,320,1429,594.8,20.62,17.57,-1.16,DSYA4_L1,15.78,1.005,,2.14,0.9152,0,,0,70,HYP-HARMONIC,ALM-DEW-WARN;ALM-DEW-ALM;ALM-NEUTRAL-THD
2026-04-09T08:15:00+00:00,321,1468,605.1,20.41,17.86,-1.07,DSYA4_L1,18.35,1.004,,2.06,0.9112,0,,0,70,HYP-HARMONIC,ALM-DEW-WARN;ALM-DEW-ALM;ALM-NEUTRAL-THD
2026-04-09T08:30:00+00:00,322,1487,610,20.29,18.15,-0.97,DSYA4_L1,19.53,1.005,,2.47,0.912,0,,0,70,HYP-HARMONIC,ALM-DEW-WARN;ALM-DEW-ALM;ALM-NEUTRAL-THD
2026-04-09T08:45:00+00:00,323,1511,615.6,20.14,18.44,-0.87,DSYA4_L1,20.32,1.005,,2.8,0.9154,0,,0,70,HYP-HARMONIC,ALM-DEW-WARN;ALM-DEW-ALM;ALM-NEUTRAL-THD
2026-04-09T09:00:00+00:00,324,1552,625.5,19.91,18.73,-0.76,DSYA4_L1,21.01,1.004,,2.86,0.9182,0,,0,70,HYP-HARMONIC,ALM-DEW-WARN;ALM-DEW-ALM;ALM-NEUTRAL-THD
2026-04-09T09:15:00+00:00,325,1552,625.3,19.91,19.02,-0.66,DSYA4_L1,22.01,1.004,,2.6,0.9159,0,,0,70,HYP-HARMONIC,ALM-DEW-WARN;ALM-DEW-ALM;ALM-NEUTRAL-THD
2026-04-09T09:30:00+00:00,326,1539,622.5,20,19.32,-0.56,DSYA4_L1,22.9,1.004,,2.5,0.9134,0,,0,70,HYP-HARMONIC,ALM-DEW-WARN;ALM-DEW-ALM;ALM-NEUTRAL-THD
2026-04-09T09:45:00+00:00,327,1534,621.6,20.03,19.6,-0.45,DSYA4_L1,22.13,1.004,,2.55,0.9123,0,,0,70,HYP-HARMONIC,ALM-DEW-WARN;ALM-DEW-ALM;ALM-NEUTRAL-THD
2026-04-09T10:00:00+00:00,328,1534,621.5,20.03,19.89,-0.35,DSYA4_L1,22.05,1.005,,2.78,0.9141,0,,0,70,HYP-HARMONIC,ALM-DEW-WARN;ALM-DEW-ALM;ALM-NEUTRAL-THD
2026-04-09T10:15:00+00:00,329,1551,625.8,19.95,20.17,-0.25,DSYA7_L1,21.84,1.004,,3.19,0.9207,0,,0,70,HYP-HARMONIC,ALM-DEW-WARN;ALM-DEW-ALM;ALM-NEUTRAL-THD
2026-04-09T10:30:00+00:00,330,1560,628.2,19.9,20.44,-0.14,DSYA4_L1,22.08,1.003,,2.73,0.9189,0,,0,70,HYP-HARMONIC,ALM-DEW-WARN;ALM-DEW-ALM;ALM-NEUTRAL-THD
2026-04-09T10:45:00+00:00,331,1564,629.2,19.88,20.71,-0.04,DSYA4_L1,22.63,1.003,,2.72,0.9187,0,,0,70,HYP-HARMONIC,ALM-DEW-WARN;ALM-DEW-ALM;ALM-NEUTRAL-THD
2026-04-09T11:00:00+00:00,332,1578,632.5,19.8,20.97,0.05,DSYA4_L1,22.81,1.004,,2.66,0.9176,0,,0,70,HYP-HARMONIC,ALM-DEW-WARN;ALM-DEW-ALM;ALM-NEUTRAL-THD
2026-04-09T11:15:00+00:00,333,1565,629.2,19.87,21.22,0.15,DSYA4_L1,23.34,1.004,,2.76,0.9177,0,,0,70,HYP-HARMONIC,ALM-DEW-WARN;ALM-DEW-ALM;ALM-NEUTRAL-THD
2026-04-09T11:30:00+00:00,334,1562,628.7,19.9,21.46,0.24,DSYA3_L1,22.87,1.003,,2.61,0.916,0,,0,70,HYP-HARMONIC,ALM-DEW-WARN;ALM-DEW-ALM;ALM-NEUTRAL-THD
2026-04-09T11:45:00+00:00,335,1571,631.1,19.85,21.68,0.33,DSYA4_L1,23.14,1.004,,2.68,0.9156,0,,0,70,HYP-HARMONIC,ALM-DEW-WARN;ALM-DEW-ALM;ALM-NEUTRAL-THD
2026-04-09T12:00:00+00:00,336,1568,630.1,19.86,21.9,0.41,DSYA4_L1,23.13,1.004,,2.59,0.9139,0,,0,70,HYP-HARMONIC,ALM-DEW-WARN;ALM-DEW-ALM;ALM-NEUTRAL-THD
2026-04-09T12:15:00+00:00,337,1547,625.3,19.99,22.1,0.49,DSYA4_L1,22.7,1.004,,2.58,0.9125,0,,0,70,HYP-HARMONIC,ALM-DEW-WARN;ALM-DEW-ALM;ALM-NEUTRAL-THD
2026-04-09T12:30:00+00:00,338,1526,620.4,20.11,22.28,0.56,DSYA3_L1,22.57,1.005,,2.66,0.9124,0,,0,70,HYP-HARMONIC,ALM-DEW-WARN;ALM-DEW-ALM;ALM-NEUTRAL-THD
2026-04-09T12:45:00+00:00,339,1497,613,20.27,22.45,0.63,DSYA4_L1,22.3,1.004,,2.73,0.9131,0,,0,70,HYP-HARMONIC,ALM-DEW-WARN;ALM-DEW-ALM;ALM-NEUTRAL-THD
2026-04-09T13:00:00+00:00,340,1475,607.6,20.39,22.61,0.69,DSYA7_L1,21.57,1.004,,2.62,0.913,0,,0,70,HYP-HARMONIC,ALM-DEW-WARN;ALM-DEW-ALM;ALM-NEUTRAL-THD
2026-04-09T13:15:00+00:00,341,1486,610,20.32,22.75,0.75,DSYA7_L1,21.19,1.005,,2.54,0.9127,0,,0,70,HYP-HARMONIC,ALM-DEW-WARN;ALM-DEW-ALM;ALM-NEUTRAL-THD
2026-04-09T13:30:00+00:00,342,1509,616,20.19,22.87,0.8,DSYA4_L1,21,1.004,,2.45,0.9115,0,,0,70,HYP-HARMONIC,ALM-DEW-WARN;ALM-DEW-ALM;ALM-NEUTRAL-THD
2026-04-09T13:45:00+00:00,343,1517,617.6,20.14,22.97,0.84,DSYA3_L1,20.91,1.005,,2.68,0.9125,0,,0,70,HYP-HARMONIC,ALM-DEW-WARN;ALM-DEW-ALM;ALM-NEUTRAL-THD
2026-04-09T14:00:00+00:00,344,1536,622.6,20.04,23.05,0.87,DSYA4_L1,21.23,1.005,,2.67,0.9128,0,,0,70,HYP-HARMONIC,ALM-DEW-WARN;ALM-DEW-ALM;ALM-NEUTRAL-THD
2026-04-09T14:15:00+00:00,345,1560,628.2,19.91,23.12,0.9,DSYA4_L1,22.19,1.004,,2.53,0.9113,0,,0,70,HYP-HARMONIC,ALM-DEW-WARN;ALM-DEW-ALM;ALM-NEUTRAL-THD
2026-04-09T14:30:00+00:00,346,1572,630.9,19.84,23.17,0.92,DSYA4_L1,22.58,1.005,,2.82,0.9127,0,,0,70,HYP-HARMONIC,ALM-DEW-WARN;ALM-DEW-ALM;ALM-NEUTRAL-THD
2026-04-09T14:45:00+00:00,347,1591,635.7,19.74,23.2,0.93,DSYA4_L1,23,1.004,,3,0.9151,0,,0,70,HYP-HARMONIC,ALM-DEW-WARN;ALM-DEW-ALM;ALM-NEUTRAL-THD
2026-04-09T15:00:00+00:00,348,1609,640.1,19.65,23.21,0.94,DSYA4_L1,23.16,1.004,,2.89,0.9155,0,,0,70,HYP-HARMONIC,ALM-DEW-WARN;ALM-DEW-ALM;ALM-NEUTRAL-THD
2026-04-09T15:15:00+00:00,349,1596,637.1,19.72,23.2,0.93,DSYA4_L1,24.01,1.004,,3.02,0.9172,0,,0,70,HYP-HARMONIC,ALM-DEW-WARN;ALM-DEW-ALM;ALM-NEUTRAL-THD
2026-04-09T15:30:00+00:00,350,1589,635.2,19.75,23.17,0.92,DSYA4_L1,24.12,1.003,,2.77,0.9162,0,,0,70,HYP-HARMONIC,ALM-DEW-WARN;ALM-DEW-ALM;ALM-NEUTRAL-THD
2026-04-09T15:45:00+00:00,351,1600,637.9,19.7,23.12,0.9,DSYA4_L1,23.63,1.004,,2.69,0.9152,0,,0,70,HYP-HARMONIC,ALM-DEW-WARN;ALM-DEW-ALM;ALM-NEUTRAL-THD
2026-04-09T16:00:00+00:00,352,1591,635.9,19.75,23.05,0.87,DSYA4_L1,24.34,1.004,,2.9,0.9162,0,,0,70,HYP-HARMONIC,ALM-DEW-WARN;ALM-DEW-ALM;ALM-NEUTRAL-THD
2026-04-09T16:15:00+00:00,353,1583,633.8,19.79,22.97,0.84,DSYA7_L1,23.52,1.003,,3.03,0.9182,0,,0,70,HYP-HARMONIC,ALM-DEW-WARN;ALM-DEW-ALM;ALM-NEUTRAL-THD
2026-04-09T16:30:00+00:00,354,1572,631.5,19.86,22.87,0.8,DSYA3_L1,23.7,1.004,,2.84,0.9181,0,,0,70,HYP-HARMONIC,ALM-DEW-WARN;ALM-DEW-ALM;ALM-NEUTRAL-THD
2026-04-09T16:45:00+00:00,355,1571,631.3,19.86,22.75,0.75,DSYA3_L1,23.35,1.003,,3,0.9201,0,,0,70,HYP-HARMONIC,ALM-DEW-WARN;ALM-DEW-ALM;ALM-NEUTRAL-THD
2026-04-09T17:00:00+00:00,356,1566,630.2,19.9,22.61,0.69,DSYA7_L1,23.09,1.003,,3.04,0.9221,0,,0,70,HYP-HARMONIC,ALM-DEW-WARN;ALM-DEW-ALM;ALM-NEUTRAL-THD
2026-04-09T17:15:00+00:00,357,1549,626.3,19.99,22.45,0.63,DSYA4_L1,22.81,1.003,,2.87,0.9223,0,,0,70,HYP-HARMONIC,ALM-DEW-WARN;ALM-DEW-ALM;ALM-NEUTRAL-THD
2026-04-09T17:30:00+00:00,358,1532,622.3,20.09,22.28,0.56,DSYA7_L1,22.52,1.003,,2.62,0.9209,0,,0,70,HYP-HARMONIC,ALM-DEW-WARN;ALM-DEW-ALM;ALM-NEUTRAL-THD
2026-04-09T17:45:00+00:00,359,1511,617.3,20.22,22.1,0.49,DSYA3_L1,22.4,1.003,,2.48,0.9192,0,,0,70,HYP-HARMONIC,ALM-DEW-WARN;ALM-DEW-ALM;ALM-NEUTRAL-THD
2026-04-09T18:00:00+00:00,360,1490,611.8,20.33,21.9,0.41,DSYA3_L1,22.05,1.003,,2.58,0.9189,0,,0,70,HYP-HARMONIC,ALM-DEW-WARN;ALM-DEW-ALM;ALM-NEUTRAL-THD
2026-04-09T18:15:00+00:00,361,1477,608.4,20.4,21.68,0.33,DSYA7_L1,21.24,1.003,,2.2,0.9156,0,,0,70,HYP-HARMONIC,ALM-DEW-WARN;ALM-DEW-ALM;ALM-NEUTRAL-THD
2026-04-09T18:30:00+00:00,362,1457,603.4,20.51,21.46,0.24,DSYA3_L1,21.09,1.003,,2.81,0.9182,0,,0,70,HYP-HARMONIC,ALM-DEW-WARN;ALM-DEW-ALM;ALM-NEUTRAL-THD
2026-04-09T18:45:00+00:00,363,1437,597.9,20.62,21.22,0.15,DSYA3_L1,20.48,1.004,,2.27,0.9155,0,,0,70,HYP-HARMONIC,ALM-DEW-WARN;ALM-DEW-ALM;ALM-NEUTRAL-THD
2026-04-09T19:00:00+00:00,364,1412,591.4,20.76,20.97,0.05,DSYA3_L1,19.97,1.003,,2.39,0.9152,0,,0,70,HYP-HARMONIC,ALM-DEW-WARN;ALM-DEW-ALM;ALM-NEUTRAL-THD
2026-04-09T19:15:00+00:00,365,1428,595.3,20.66,20.71,-0.04,DSYA7_L1,19.66,1.004,,2.35,0.9147,0,,0,70,HYP-HARMONIC,ALM-DEW-WARN;ALM-DEW-ALM;ALM-NEUTRAL-THD
2026-04-09T19:30:00+00:00,366,1443,599.3,20.57,20.44,-0.14,DSYA3_L1,19.32,1.004,,2.29,0.9137,0,,0,70,HYP-HARMONIC,ALM-DEW-WARN;ALM-DEW-ALM;ALM-NEUTRAL-THD
2026-04-09T19:45:00+00:00,367,1445,599.7,20.56,20.17,-0.25,DSYA7_L1,19.35,1.004,,2.41,0.9135,0,,0,70,HYP-HARMONIC,ALM-DEW-WARN;ALM-DEW-ALM;ALM-NEUTRAL-THD
2026-04-09T20:00:00+00:00,368,1466,605.3,20.45,19.89,-0.35,DSYA3_L1,19.66,1.005,,2.68,0.915,0,,0,70,HYP-HARMONIC,ALM-DEW-WARN;ALM-DEW-ALM;ALM-NEUTRAL-THD
2026-04-09T20:15:00+00:00,369,1457,603.4,20.51,19.6,-0.45,DSYA4_L1,19.83,1.005,,2.76,0.9165,0,,0,70,HYP-HARMONIC,ALM-DEW-WARN;ALM-DEW-ALM;ALM-NEUTRAL-THD
2026-04-09T20:30:00+00:00,370,1438,598.1,20.62,19.32,-0.56,DSYA4_L1,20.05,1.004,,2.74,0.9177,0,,0,70,HYP-HARMONIC,ALM-DEW-WARN;ALM-DEW-ALM;ALM-NEUTRAL-THD
2026-04-09T20:45:00+00:00,371,1414,591.9,20.75,19.02,-0.66,DSYA3_L1,19.66,1.004,,2.68,0.9187,0,,0,70,HYP-HARMONIC,ALM-DEW-WARN;ALM-DEW-ALM;ALM-NEUTRAL-THD
2026-04-09T21:00:00+00:00,372,1395,586.9,20.86,18.73,-0.76,DSYA3_L1,19.43,1.004,,2.29,0.9171,0,,0,70,HYP-HARMONIC,ALM-DEW-WARN;ALM-DEW-ALM;ALM-NEUTRAL-THD
2026-04-09T21:15:00+00:00,373,1339,571.1,21.17,18.44,-0.87,DSYA3_L1,18.98,1.005,,2.29,0.9166,0,,0,70,HYP-HARMONIC,ALM-DEW-WARN;ALM-DEW-ALM;ALM-NEUTRAL-THD
2026-04-09T21:30:00+00:00,374,1292,557.6,21.44,18.15,-0.97,DSYA3_L1,18.12,1.004,,2.21,0.9162,0,,0,70,HYP-HARMONIC,ALM-DEW-WARN;ALM-DEW-ALM;ALM-NEUTRAL-THD
2026-04-09T21:45:00+00:00,375,1251,545.4,21.67,17.86,-1.07,DSYA3_L1,16.68,1.004,,2.38,0.9175,0,,0,70,HYP-HARMONIC,ALM-DEW-WARN;ALM-DEW-ALM;ALM-NEUTRAL-THD
2026-04-09T22:00:00+00:00,376,1199,529,21.96,17.57,-1.16,DSYA3_L1,15.85,1.005,,1.7,0.9148,0,,0,70,HYP-HARMONIC,ALM-DEW-WARN;ALM-DEW-ALM;ALM-NEUTRAL-THD
2026-04-09T22:15:00+00:00,377,1112,501.2,22.46,17.29,-1.26,DSYA7_L1,14.86,1.005,,1.8,0.9144,0,,0,70,HYP-HARMONIC,ALM-DEW-WARN;ALM-DEW-ALM;ALM-NEUTRAL-THD
2026-04-09T22:30:00+00:00,378,1026,471.8,22.94,17.02,-1.35,DSYA3_L1,13.49,1.005,,1.65,0.9139,0,,0,70,HYP-HARMONIC,ALM-DEW-WARN;ALM-DEW-ALM;ALM-NEUTRAL-THD
2026-04-09T22:45:00+00:00,379,941.5,441.4,23.42,16.75,-1.44,DSYA7_L1,12.12,1.005,,1.67,0.9143,0,,0,70,HYP-HARMONIC,ALM-DEW-WARN;ALM-DEW-ALM;ALM-NEUTRAL-THD
2026-04-09T23:00:00+00:00,380,857.2,409.5,23.9,16.49,-1.52,DSYA3_L1,10.56,1.005,,1.57,0.9149,0,,0,70,HYP-HARMONIC,ALM-DEW-WARN;ALM-DEW-ALM;ALM-NEUTRAL-THD
2026-04-09T23:15:00+00:00,381,776,377.4,24.35,16.25,-1.6,DSYA3_L1,8.91,1.005,,1.05,0.9142,0,,0,70,HYP-HARMONIC,ALM-DEW-WARN;ALM-DEW-ALM;ALM-NEUTRAL-THD
2026-04-09T23:30:00+00:00,382,701.3,346.6,24.76,16.01,-1.68,DSYA3_L1,7.98,1.005,,1.2,0.9148,0,,0,70,HYP-HARMONIC,ALM-DEW-WARN;ALM-DEW-ALM;ALM-NEUTRAL-THD
2026-04-09T23:45:00+00:00,383,620.1,311.9,25.22,15.78,-1.68,DSYA1_L1,6.35,1.005,,0.92,0.9148,0,,0,70,HYP-HARMONIC,ALM-DEW-WARN;ALM-DEW-ALM;ALM-NEUTRAL-THD
2026-04-10T00:00:00+00:00,384,540.4,276.4,25.66,15.85,-1.68,DSYA7_L1,5.25,1.005,,1.04,0.9154,0,,0,70,HYP-HARMONIC,ALM-DEW-WARN;ALM-DEW-ALM;ALM-NEUTRAL-THD
2026-04-10T00:15:00+00:00,385,528.1,270.9,25.73,15.65,-1.68,DSYA3_L1,4.24,1.005,,1,0.9159,0,,0,70,HYP-HARMONIC,ALM-DEW-WARN;ALM-DEW-ALM;ALM-NEUTRAL-THD
2026-04-10T00:30:00+00:00,386,516.4,265.6,25.8,15.47,-1.69,DSYA1_L1,3.74,1.006,,0.61,0.9159,0,,0,70,HYP-HARMONIC,ALM-DEW-WARN;ALM-DEW-ALM;ALM-NEUTRAL-THD
2026-04-10T00:45:00+00:00,387,502.5,259.2,25.87,15.3,-1.69,DSYA3_L1,3.1,1.005,,0.39,0.9157,0,,0,70,HYP-HARMONIC,ALM-DEW-WARN;ALM-DEW-ALM;ALM-NEUTRAL-THD
2026-04-10T01:00:00+00:00,388,493.3,254.9,25.93,15.14,-1.69,DSYA1_L1,2.61,1.005,,0.38,0.9156,0,,0,70,HYP-HARMONIC,ALM-DEW-WARN;ALM-DEW-ALM;ALM-NEUTRAL-THD
2026-04-10T01:15:00+00:00,389,484,250.6,25.98,15.01,-1.69,DSYA3_L1,2.58,1.006,,0.49,0.9156,0,,0,70,HYP-HARMONIC,ALM-DEW-WARN;ALM-DEW-ALM;ALM-NEUTRAL-THD
2026-04-10T01:30:00+00:00,390,474.7,246.2,26.03,14.88,-1.69,DSYA7_L1,2.34,1.006,,0.91,0.9163,0,,0,70,HYP-HARMONIC,ALM-DEW-WARN;ALM-DEW-ALM;ALM-NEUTRAL-THD
2026-04-10T01:45:00+00:00,391,464.7,241.4,26.09,14.78,-1.69,DSYA3_L1,2.26,1.006,,0.46,0.9162,0,,0,70,HYP-HARMONIC,ALM-DEW-WARN;ALM-DEW-ALM;ALM-NEUTRAL-THD
2026-04-10T02:00:00+00:00,392,458.6,238.6,26.13,14.7,-1.69,DSYA7_L1,2.18,1.005,,0.39,0.9161,0,,0,70,HYP-HARMONIC,ALM-DEW-WARN;ALM-DEW-ALM;ALM-NEUTRAL-THD
2026-04-10T02:15:00+00:00,393,456.5,237.7,26.14,14.63,-1.69,DSYA3_L1,2.21,1.005,,0.53,0.9163,0,,0,70,HYP-HARMONIC,ALM-DEW-WARN;ALM-DEW-ALM;ALM-NEUTRAL-THD
2026-04-10T02:30:00+00:00,394,454.9,236.8,26.15,14.58,-1.69,DSYA7_L1,2.29,1.005,,0.36,0.9162,0,,0,70,HYP-HARMONIC,ALM-DEW-WARN;ALM-DEW-ALM;ALM-NEUTRAL-THD
2026-04-10T02:45:00+00:00,395,453.5,236.2,26.15,14.55,-1.69,DSYA3_L1,2.15,1.005,,0.53,0.9164,0,,0,70,HYP-HARMONIC,ALM-DEW-WARN;ALM-DEW-ALM;ALM-NEUTRAL-THD
2026-04-10T03:00:00+00:00,396,450.2,234.7,26.17,14.55,-1.69,DSYA4_L1,1.99,1.005,,0.29,0.9163,0,,0,70,HYP-HARMONIC,ALM-DEW-WARN;ALM-DEW-ALM;ALM-NEUTRAL-THD
2026-04-10T03:15:00+00:00,397,450.6,234.8,26.17,14.55,-1.69,DSYA7_L1,2.2,1.005,,0.38,0.9163,0,,0,70,HYP-HARMONIC,ALM-DEW-WARN;ALM-DEW-ALM;ALM-NEUTRAL-THD
2026-04-10T03:30:00+00:00,398,453.1,235.9,26.16,14.58,-1.69,DSYA2_L1,2.01,1.005,,0.74,0.9168,0,,0,70,HYP-HARMONIC,ALM-DEW-WARN;ALM-DEW-ALM;ALM-NEUTRAL-THD
2026-04-10T03:45:00+00:00,399,451.6,235.3,26.17,14.63,-1.69,DSYA2_L1,2.23,1.005,,0.15,0.9164,0,,0,70,HYP-HARMONIC,ALM-DEW-WARN;ALM-DEW-ALM;ALM-NEUTRAL-THD
2026-04-10T04:00:00+00:00,400,450.7,234.9,26.17,14.7,-1.69,DSYA4_L1,1.94,1.005,,0.56,0.9167,0,,0,70,HYP-HARMONIC,ALM-DEW-WARN;ALM-DEW-ALM;ALM-NEUTRAL-THD
2026-04-10T04:15:00+00:00,401,459.2,238.9,26.12,14.78,-1.69,DSYA2_L1,2.16,1.005,,0.14,0.9164,0,,0,70,HYP-HARMONIC,ALM-DEW-WARN;ALM-DEW-ALM;ALM-NEUTRAL-THD
2026-04-10T04:30:00+00:00,402,468.2,243.2,26.07,14.88,-1.69,DSYA2_L1,2.03,1.005,,0.49,0.9166,0,,0,70,HYP-HARMONIC,ALM-DEW-WARN;ALM-DEW-ALM;ALM-NEUTRAL-THD
2026-04-10T04:45:00+00:00,403,476.4,246.9,26.02,15.01,-1.69,DSYA4_L1,2.25,1.005,,0.61,0.9168,0,,0,70,HYP-HARMONIC,ALM-DEW-WARN;ALM-DEW-ALM;ALM-NEUTRAL-THD
2026-04-10T05:00:00+00:00,404,489.1,253,25.95,15.14,-1.69,DSYA7_L1,2.2,1.005,,0.39,0.9167,0,,0,70,HYP-HARMONIC,ALM-DEW-WARN;ALM-DEW-ALM;ALM-NEUTRAL-THD
2026-04-10T05:15:00+00:00,405,525.8,269.7,25.75,15.3,-1.69,DSYA4_L1,2.21,1.005,,0.13,0.9163,0,,0,70,HYP-HARMONIC,ALM-DEW-WARN;ALM-DEW-ALM;ALM-NEUTRAL-THD
2026-04-10T05:30:00+00:00,406,562.6,286.4,25.55,15.47,-1.69,DSYA4_L1,2.61,1.005,,0.75,0.9169,0,,0,70,HYP-HARMONIC,ALM-DEW-WARN;ALM-DEW-ALM;ALM-NEUTRAL-THD
2026-04-10T05:45:00+00:00,407,595.7,301.2,25.36,15.65,-1.68,DSYA4_L1,2.95,1.005,,0.56,0.9168,0,,0,70,HYP-HARMONIC,ALM-DEW-WARN;ALM-DEW-ALM;ALM-NEUTRAL-THD
2026-04-10T06:00:00+00:00,408,633.1,317.6,25.15,15.85,-1.68,DSYA4_L1,3.15,1.005,,0.38,0.9163,0,,0,70,HYP-HARMONIC,ALM-DEW-WARN;ALM-DEW-ALM;ALM-NEUTRAL-THD
2026-04-10T06:15:00+00:00,409,738.1,362,24.55,16.07,-1.66,DSYA4_L1,3.59,1.005,,0.48,0.9158,0,,0,70,HYP-HARMONIC,ALM-DEW-WARN;ALM-DEW-ALM;ALM-NEUTRAL-THD
2026-04-10T06:30:00+00:00,410,849.9,406.6,23.93,16.29,-1.59,DSYA4_L1,4.5,1.005,,0.78,0.9157,0,,0,70,HYP-HARMONIC,ALM-DEW-WARN;ALM-DEW-ALM;ALM-NEUTRAL-THD
2026-04-10T06:45:00+00:00,411,955.4,446.4,23.34,16.53,-1.51,DSYA4_L1,6.46,1.005,,0.82,0.9146,0,,0,70,HYP-HARMONIC,ALM-DEW-WARN;ALM-DEW-ALM;ALM-NEUTRAL-THD
2026-04-10T07:00:00+00:00,412,1064,485,22.73,16.78,-1.43,DSYA4_L1,8.09,1.005,,1.24,0.9145,0,,0,70,HYP-HARMONIC,ALM-DEW-WARN;ALM-DEW-ALM;ALM-NEUTRAL-THD
2026-04-10T07:15:00+00:00,413,1173,521.2,22.12,17.03,-1.35,DSYA4_L1,9.63,1.005,,1.71,0.9155,0,,0,70,HYP-HARMONIC,ALM-DEW-WARN;ALM-DEW-ALM;ALM-NEUTRAL-THD
2026-04-10T07:30:00+00:00,414,1278,553.7,21.53,17.3,-1.26,DSYA4_L1,12.5,1.005,,1.6,0.9138,0,,0,70,HYP-HARMONIC,ALM-DEW-WARN;ALM-DEW-ALM;ALM-NEUTRAL-THD
2026-04-10T07:45:00+00:00,415,1387,584.8,20.91,17.57,-1.16,DSYA4_L1,14.4,1.005,,2.01,0.9138,0,,0,70,HYP-HARMONIC,ALM-DEW-WARN;ALM-DEW-ALM;ALM-NEUTRAL-THD
2026-04-10T08:00:00+00:00,416,1500,614.5,20.28,17.85,-1.07,DSYA4_L1,17.2,1.004,,2.42,0.9149,0,,0,70,HYP-HARMONIC,ALM-DEW-WARN;ALM-DEW-ALM;ALM-NEUTRAL-THD
2026-04-10T08:15:00+00:00,417,1533,622.2,20.08,18.14,-0.97,DSYA4_L1,20.07,1.004,,2.68,0.9159,0,,0,70,HYP-HARMONIC,ALM-DEW-WARN;ALM-DEW-ALM;ALM-NEUTRAL-THD
2026-04-10T08:30:00+00:00,418,1569,631.2,19.88,18.42,-0.87,DSYA4_L1,21.67,1.005,,2.77,0.9167,0,,0,70,HYP-HARMONIC,ALM-DEW-WARN;ALM-DEW-ALM;ALM-NEUTRAL-THD
2026-04-10T08:45:00+00:00,419,1598,637.8,19.71,18.72,-0.77,DSYA4_L1,22.28,1.004,,2.65,0.9155,0,,0,70,HYP-HARMONIC,ALM-DEW-WARN;ALM-DEW-ALM;ALM-NEUTRAL-THD
2026-04-10T09:00:00+00:00,420,1640,648,19.5,19.01,-0.67,DSYA4_L1,23.99,1.004,,2.58,0.9136,0,,0,70,HYP-HARMONIC,ALM-DEW-WARN;ALM-DEW-ALM;ALM-NEUTRAL-THD
2026-04-10T09:15:00+00:00,421,1621,643.2,19.59,19.3,-0.56,DSYA4_L1,24.7,1.003,,2.89,0.9141,0,,0,70,HYP-HARMONIC,ALM-DEW-WARN;ALM-DEW-ALM;ALM-NEUTRAL-THD
2026-04-10T09:30:00+00:00,422,1610,640.7,19.66,19.59,-0.46,DSYA4_L1,24.62,1.004,,2.98,0.9152,0,,0,70,HYP-HARMONIC,ALM-DEW-WARN;ALM-DEW-ALM;ALM-NEUTRAL-THD
2026-04-10T09:45:00+00:00,423,1601,638.9,19.71,19.88,-0.35,DSYA4_L1,24.5,1.004,,3.15,0.918,0,,0,70,HYP-HARMONIC,ALM-DEW-WARN;ALM-DEW-ALM;ALM-NEUTRAL-THD
2026-04-10T10:00:00+00:00,424,1596,637.9,19.74,20.16,-0.25,DSYA4_L1,24.07,1.003,,2.8,0.9169,0,,0,70,HYP-HARMONIC,ALM-DEW-WARN;ALM-DEW-ALM;ALM-NEUTRAL-THD
2026-04-10T10:15:00+00:00,425,1597,637.9,19.73,20.44,-0.14,DSYA7_L1,23.97,1.004,,2.71,0.9158,0,,0,70,HYP-HARMONIC,ALM-DEW-WARN;ALM-DEW-ALM;ALM-NEUTRAL-THD
2026-04-10T10:30:00+00:00,426,1602,638.7,19.7,20.72,-0.04,DSYA4_L1,24.04,1.004,,2.76,0.9155,0,,0,70,HYP-HARMONIC,ALM-DEW-WARN;ALM-DEW-ALM;ALM-NEUTRAL-THD
2026-04-10T10:45:00+00:00,427,1613,642.3,19.66,20.98,0.06,DSYA4_L1,23.83,1.003,,2.65,0.914,0,,0,70,HYP-HARMONIC,ALM-DEW-WARN;ALM-DEW-ALM;ALM-NEUTRAL-THD
2026-04-10T11:00:00+00:00,428,1628,646.2,19.59,21.24,0.16,DSYA4_L1,24.19,1.003,,2.69,0.913,0,,0,70,HYP-HARMONIC,ALM-DEW-WARN;ALM-DEW-ALM;ALM-NEUTRAL-THD
2026-04-10T11:15:00+00:00,429,1614,642.9,19.67,21.49,0.25,DSYA3_L1,24.07,1.004,,2.8,0.9126,0,,0,70,HYP-HARMONIC,ALM-DEW-WARN;ALM-DEW-ALM;ALM-NEUTRAL-THD
2026-04-10T11:30:00+00:00,430,1609,641.8,19.7,21.72,0.34,DSYA7_L1,24.17,1.004,,2.8,0.9122,0,,0,70,HYP-HARMONIC,ALM-DEW-WARN;ALM-DEW-ALM;ALM-NEUTRAL-THD
2026-04-10T11:45:00+00:00,431,1603,640.6,19.74,21.95,0.43,DSYA4_L1,24.06,1.004,,2.95,0.9132,0,,0,70,HYP-HARMONIC,ALM-DEW-WARN;ALM-DEW-ALM;ALM-NEUTRAL-THD
2026-04-10T12:00:00+00:00,432,1609,641.9,19.7,22.16,0.52,DSYA3_L1,23.9,1.004,,2.75,0.9122,0,,0,70,HYP-HARMONIC,ALM-DEW-WARN;ALM-DEW-ALM;ALM-NEUTRAL-THD
2026-04-10T12:15:00+00:00,433,1585,636.1,19.83,22.36,0.6,DSYA4_L1,24.25,1.004,,2.92,0.913,0,,0,70,HYP-HARMONIC,ALM-DEW-WARN;ALM-DEW-ALM;ALM-NEUTRAL-THD
2026-04-10T12:30:00+00:00,434,1556,629,19.99,22.55,0.67,DSYA3_L1,23.67,1.005,,2.83,0.913,0,,0,70,HYP-HARMONIC,ALM-DEW-WARN;ALM-DEW-ALM;ALM-NEUTRAL-THD
2026-04-10T12:45:00+00:00,435,1524,621.3,20.17,22.72,0.74,DSYA7_L1,23.34,1.004,,2.94,0.9146,0,,0,70,HYP-HARMONIC,ALM-DEW-WARN;ALM-DEW-ALM;ALM-NEUTRAL-THD
2026-04-10T13:00:00+00:00,436,1500,615.3,20.3,22.87,0.8,DSYA4_L1,22.43,1.006,,2.95,0.9164,0,,0,70,HYP-HARMONIC,ALM-DEW-WARN;ALM-DEW-ALM;ALM-NEUTRAL-THD
2026-04-10T13:15:00+00:00,437,1514,619,20.23,23.01,0.86,DSYA7_L1,21.64,1.005,,2.52,0.9149,0,,0,70,HYP-HARMONIC,ALM-DEW-WARN;ALM-DEW-ALM;ALM-NEUTRAL-THD
2026-04-10T13:30:00+00:00,438,1521,620.8,20.2,23.13,0.9,DSYA3_L1,21.65,1.006,,2.69,0.9154,0,,0,70,HYP-HARMONIC,ALM-DEW-WARN;ALM-DEW-ALM;ALM-NEUTRAL-THD
2026-04-10T13:45:00+00:00,439,1528,622.9,20.17,23.23,0.95,DSYA4_L1,21.47,1.005,,2.5,0.914,0,,0,70,HYP-HARMONIC,ALM-DEW-WARN;ALM-DEW-ALM;ALM-NEUTRAL-THD
2026-04-10T14:00:00+00:00,440,1530,623.2,20.15,23.32,0.98,DSYA4_L1,21.85,1.004,,2.81,0.9152,0,,0,70,HYP-HARMONIC,ALM-DEW-WARN;ALM-DEW-ALM;ALM-NEUTRAL-THD
2026-04-10T14:15:00+00:00,441,1554,629.5,20.03,23.38,1.01,DSYA3_L1,21.53,1.005,,2.81,0.9159,0,,0,70,HYP-HARMONIC,ALM-DEW-WARN;ALM-NEUTRAL-THD
2026-04-10T14:30:00+00:00,442,1573,634.1,19.92,23.43,1.03,DSYA4_L1,22.56,1.004,,2.62,0.9148,0,,0,70,HYP-HARMONIC,ALM-DEW-WARN;ALM-NEUTRAL-THD
2026-04-10T14:45:00+00:00,443,1591,638.3,19.82,23.46,1.04,DSYA4_L1,23.03,1.004,,2.75,0.9148,0,,0,70,HYP-HARMONIC,ALM-DEW-WARN;ALM-NEUTRAL-THD
2026-04-10T15:00:00+00:00,444,1605,641.2,19.73,23.47,1.04,DSYA4_L1,23.84,1.005,,3.11,0.9171,0,,0,70,HYP-HARMONIC,ALM-DEW-WARN;ALM-NEUTRAL-THD
2026-04-10T15:15:00+00:00,445,1609,642.3,19.71,23.46,1.04,DSYA4_L1,24.07,1.005,,2.32,0.9125,0,,0,70,HYP-HARMONIC,ALM-DEW-WARN;ALM-NEUTRAL-THD
2026-04-10T15:30:00+00:00,446,1617,643.8,19.66,23.43,1.03,DSYA4_L1,23.83,1.005,,2.77,0.9126,0,,0,70,HYP-HARMONIC,ALM-DEW-WARN;ALM-NEUTRAL-THD
2026-04-10T15:45:00+00:00,447,1610,642,19.69,23.38,1.01,DSYA4_L1,24.32,1.005,,2.81,0.9123,0,,0,70,HYP-HARMONIC,ALM-DEW-WARN;ALM-NEUTRAL-THD
2026-04-10T16:00:00+00:00,448,1598,639,19.75,23.32,0.98,DSYA4_L1,24.26,1.005,,2.75,0.9116,0,,0,70,HYP-HARMONIC,ALM-DEW-WARN;ALM-DEW-ALM;ALM-NEUTRAL-THD
2026-04-10T16:15:00+00:00,449,1594,638.4,19.78,23.23,0.95,DSYA4_L1,24.07,1.005,,2.93,0.9125,0,,0,70,HYP-HARMONIC,ALM-DEW-WARN;ALM-DEW-ALM;ALM-NEUTRAL-THD
2026-04-10T16:30:00+00:00,450,1602,640,19.73,23.13,0.9,DSYA4_L1,23.79,1.006,,2.88,0.9128,0,,0,70,HYP-HARMONIC,ALM-DEW-WARN;ALM-DEW-ALM;ALM-NEUTRAL-THD
2026-04-10T16:45:00+00:00,451,1601,640,19.75,23.01,0.86,DSYA4_L1,23.93,1.005,,2.92,0.9134,0,,0,70,HYP-HARMONIC,ALM-DEW-WARN;ALM-DEW-ALM;ALM-NEUTRAL-THD
2026-04-10T17:00:00+00:00,452,1604,641.3,19.74,22.87,0.8,DSYA4_L1,23.95,1.004,,3.42,0.9175,0,,0,70,HYP-HARMONIC,ALM-DEW-WARN;ALM-DEW-ALM;ALM-NEUTRAL-THD
2026-04-10T17:15:00+00:00,453,1576,634.6,19.9,22.72,0.74,DSYA7_L1,23.84,1.004,,3.03,0.918,0,,0,70,HYP-HARMONIC,ALM-DEW-WARN;ALM-DEW-ALM;ALM-NEUTRAL-THD
2026-04-10T17:30:00+00:00,454,1555,629.2,20,22.55,0.67,DSYA7_L1,23.63,1.005,,2.38,0.9147,0,,0,70,HYP-HARMONIC,ALM-DEW-WARN;ALM-DEW-ALM;ALM-NEUTRAL-THD
2026-04-10T17:45:00+00:00,455,1533,623.6,20.12,22.36,0.6,DSYA4_L1,22.87,1.005,,2.8,0.9155,0,,0,70,HYP-HARMONIC,ALM-DEW-WARN;ALM-DEW-ALM;ALM-NEUTRAL-THD
2026-04-10T18:00:00+00:00,456,1502,616,20.31,22.16,0.52,DSYA7_L1,22.58,1.005,,2.9,0.9167,0,,0,70,HYP-HARMONIC,ALM-DEW-WARN;ALM-DEW-ALM;ALM-NEUTRAL-THD
2026-04-10T18:15:00+00:00,457,1485,612,20.41,21.95,0.43,DSYA3_L1,22.02,1.004,,2.79,0.9174,0,,0,70,HYP-HARMONIC,ALM-DEW-WARN;ALM-DEW-ALM;ALM-NEUTRAL-THD
2026-04-10T18:30:00+00:00,458,1470,608.2,20.49,21.72,0.34,DSYA3_L1,21.26,1.004,,2.74,0.918,0,,0,70,HYP-HARMONIC,ALM-DEW-WARN;ALM-DEW-ALM;ALM-NEUTRAL-THD
2026-04-10T18:45:00+00:00,459,1432,598.1,20.7,21.49,0.25,DSYA3_L1,20.73,1.004,,2.75,0.919,0,,0,70,HYP-HARMONIC,ALM-DEW-WARN;ALM-DEW-ALM;ALM-NEUTRAL-THD
2026-04-10T19:00:00+00:00,460,1424,595.7,20.74,21.24,0.16,DSYA7_L1,20.04,1.004,,2.82,0.9207,0,,0,70,HYP-HARMONIC,ALM-DEW-WARN;ALM-DEW-ALM;ALM-NEUTRAL-THD
2026-04-10T19:15:00+00:00,461,1428,596.6,20.71,20.98,0.06,DSYA7_L1,19.74,1.004,,2.22,0.9187,0,,0,70,HYP-HARMONIC,ALM-DEW-WARN;ALM-DEW-ALM;ALM-NEUTRAL-THD
2026-04-10T19:30:00+00:00,462,1440,599.7,20.65,20.72,-0.04,DSYA3_L1,19.39,1.004,,2.42,0.9187,0,,0,70,HYP-HARMONIC,ALM-DEW-WARN;ALM-DEW-ALM;ALM-NEUTRAL-THD
2026-04-10T19:45:00+00:00,463,1436,599,20.67,20.44,-0.14,DSYA3_L1,19.58,1.004,,2.69,0.9198,0,,0,70,HYP-HARMONIC,ALM-DEW-WARN;ALM-DEW-ALM;ALM-NEUTRAL-THD
2026-04-10T20:00:00+00:00,464,1447,602,20.62,20.16,-0.25,DSYA4_L1,19.27,1.004,,2.54,0.9199,0,,0,70,HYP-HARMONIC,ALM-DEW-WARN;ALM-DEW-ALM;ALM-NEUTRAL-THD
2026-04-10T20:15:00+00:00,465,1425,595.9,20.74,19.88,-0.35,DSYA3_L1,19.44,1.004,,2.57,0.9201,0,,0,70,HYP-HARMONIC,ALM-DEW-WARN;ALM-DEW-ALM;ALM-NEUTRAL-THD
2026-04-10T20:30:00+00:00,466,1398,588.4,20.88,19.59,-0.46,DSYA3_L1,19.09,1.004,,2.41,0.9197,0,,0,70,HYP-HARMONIC,ALM-DEW-WARN;ALM-DEW-ALM;ALM-NEUTRAL-THD
2026-04-10T20:45:00+00:00,467,1378,582.4,20.98,19.3,-0.56,DSYA7_L1,18.88,1.004,,2.45,0.9199,0,,0,70,HYP-HARMONIC,ALM-DEW-WARN;ALM-DEW-ALM;ALM-NEUTRAL-THD
2026-04-10T21:00:00+00:00,468,1356,576.2,21.1,19.01,-0.67,DSYA3_L1,18.5,1.004,,2.61,0.9211,0,,0,70,HYP-HARMONIC,ALM-DEW-WARN;ALM-DEW-ALM;ALM-NEUTRAL-THD
2026-04-10T21:15:00+00:00,469,1303,561.2,21.39,18.72,-0.77,DSYA3_L1,17.63,1.004,,2.56,0.9222,0,,0,70,HYP-HARMONIC,ALM-DEW-WARN;ALM-DEW-ALM;ALM-NEUTRAL-THD
2026-04-10T21:30:00+00:00,470,1261,548.6,21.63,18.42,-0.87,DSYA3_L1,16.86,1.004,,2.35,0.9226,0,,0,70,HYP-HARMONIC,ALM-DEW-WARN;ALM-DEW-ALM;ALM-NEUTRAL-THD
2026-04-10T21:45:00+00:00,471,1217,534.9,21.87,18.14,-0.97,DSYA7_L1,16.12,1.004,,2.51,0.9245,0,,0,70,HYP-HARMONIC,ALM-DEW-WARN;ALM-DEW-ALM;ALM-NEUTRAL-THD
2026-04-10T22:00:00+00:00,472,1161,517.2,22.18,17.85,-1.07,DSYA7_L1,15.08,1.004,,1.79,0.9229,0,,0,70,HYP-HARMONIC,ALM-DEW-WARN;ALM-DEW-ALM;ALM-NEUTRAL-THD
2026-04-10T22:15:00+00:00,473,1078,489.6,22.65,17.57,-1.16,DSYA3_L1,13.86,1.004,,2.21,0.9244,0,,0,70,HYP-HARMONIC,ALM-DEW-WARN;ALM-DEW-ALM;ALM-NEUTRAL-THD
2026-04-10T22:30:00+00:00,474,998.5,462.1,23.1,17.3,-1.26,DSYA7_L1,12.72,1.004,,1.42,0.9231,0,,0,70,HYP-HARMONIC,ALM-DEW-WARN;ALM-DEW-ALM;ALM-NEUTRAL-THD
2026-04-10T22:45:00+00:00,475,914.2,431.3,23.57,17.03,-1.35,DSYA3_L1,11.34,1.004,,1.42,0.9229,0,,0,70,HYP-HARMONIC,ALM-DEW-WARN;ALM-DEW-ALM;ALM-NEUTRAL-THD
2026-04-10T23:00:00+00:00,476,829.5,398.8,24.05,16.78,-1.43,DSYA3_L1,9.78,1.004,,1.5,0.9234,0,,0,70,HYP-HARMONIC,ALM-DEW-WARN;ALM-DEW-ALM;ALM-NEUTRAL-THD
2026-04-10T23:15:00+00:00,477,769.6,374.9,24.39,16.53,-1.51,DSYA7_L1,8.46,1.004,,1.13,0.9233,0,,0,70,HYP-HARMONIC,ALM-DEW-WARN;ALM-DEW-ALM;ALM-NEUTRAL-THD
2026-04-10T23:30:00+00:00,478,705.4,348.2,24.75,16.29,-1.59,DSYA3_L1,7.65,1.004,,1.4,0.9242,0,,0,70,HYP-HARMONIC,ALM-DEW-WARN;ALM-DEW-ALM;ALM-NEUTRAL-THD
2026-04-10T23:45:00+00:00,479,635.9,318.7,25.14,16.07,-1.66,DSYA7_L1,6.25,1.004,,0.59,0.9236,0,,0,70,HYP-HARMONIC,ALM-DEW-WARN;ALM-DEW-ALM;ALM-NEUTRAL-THD
2026-04-11T00:00:00+00:00,480,571.9,290.5,25.5,16.14,-1.64,DSYA7_L1,5.21,1.004,,0.83,0.9238,0,,0,70,HYP-HARMONIC,ALM-DEW-WARN;ALM-DEW-ALM;ALM-NEUTRAL-THD
2026-04-11T00:15:00+00:00,481,553.5,282.2,25.6,15.94,-1.68,DSYA7_L1,4.71,1.004,,0.64,0.9238,0,,0,70,HYP-HARMONIC,ALM-DEW-WARN;ALM-DEW-ALM;ALM-NEUTRAL-THD
2026-04-11T00:30:00+00:00,482,538.9,275.6,25.68,15.75,-1.68,DSYA3_L1,3.84,1.004,,0.62,0.9239,0,,0,70,HYP-HARMONIC,ALM-DEW-WARN;ALM-DEW-ALM;ALM-NEUTRAL-THD
2026-04-11T00:45:00+00:00,483,523.2,268.6,25.77,15.58,-1.68,DSYA3_L1,3.54,1.004,,0.52,0.9239,0,,0,70,HYP-HARMONIC,ALM-DEW-WARN;ALM-DEW-ALM;ALM-NEUTRAL-THD
2026-04-11T01:00:00+00:00,484,508.5,261.9,25.85,15.43,-1.69,DSYA7_L1,2.99,1.004,,0.42,0.9238,0,,0,70,HYP-HARMONIC,ALM-DEW-WARN;ALM-DEW-ALM;ALM-NEUTRAL-THD
2026-04-11T01:15:00+00:00,485,502.8,259.2,25.88,15.29,-1.69,DSYA7_L1,2.74,1.004,,0.62,0.9239,0,,0,70,HYP-HARMONIC,ALM-DEW-WARN;ALM-DEW-ALM;ALM-NEUTRAL-THD
2026-04-11T01:30:00+00:00,486,486.7,251.7,25.97,15.17,-1.69,DSYA7_L1,2.92,1.004,,0.32,0.9238,0,,0,70,HYP-HARMONIC,ALM-DEW-WARN;ALM-DEW-ALM;ALM-NEUTRAL-THD
2026-04-11T01:45:00+00:00,487,475.6,246.5,26.03,15.07,-1.69,DSYA1_L1,2.56,1.004,,0.08,0.9234,0,,0,70,HYP-HARMONIC,ALM-DEW-WARN;ALM-DEW-ALM;ALM-NEUTRAL-THD
2026-04-11T02:00:00+00:00,488,467.2,242.5,26.08,14.99,-1.69,DSYA7_L1,2.39,1.004,,0.19,0.9231,0,,0,70,HYP-HARMONIC,ALM-DEW-WARN;ALM-DEW-ALM;ALM-NEUTRAL-THD
2026-04-11T02:15:00+00:00,489,462.8,240.5,26.1,14.92,-1.69,DSYA4_L1,2.23,1.004,,0.63,0.9234,0,,0,70,HYP-HARMONIC,ALM-DEW-WARN;ALM-DEW-ALM;ALM-NEUTRAL-THD
2026-04-11T02:30:00+00:00,490,456.8,237.7,26.14,14.87,-1.69,DSYA4_L1,2.28,1.004,,0.15,0.9232,0,,0,70,HYP-HARMONIC,ALM-DEW-WARN;ALM-DEW-ALM;ALM-NEUTRAL-THD
2026-04-11T02:45:00+00:00,491,448.8,234.1,26.18,14.84,-1.69,DSYA2_L1,2.07,1.004,,0.17,0.9229,0,,0,70,HYP-HARMONIC,ALM-DEW-WARN;ALM-DEW-ALM;ALM-NEUTRAL-THD
2026-04-11T03:00:00+00:00,492,443.9,231.7,26.2,14.83,-1.69,DSYA7_L1,2.13,1.004,,0.48,0.9231,0,,0,70,HYP-HARMONIC,ALM-DEW-WARN;ALM-DEW-ALM;ALM-NEUTRAL-THD
2026-04-11T03:15:00+00:00,493,443.3,231.5,26.21,14.84,-1.69,DSYA1_L1,1.9,1.004,,0.47,0.9231,0,,0,70,HYP-HARMONIC,ALM-DEW-WARN;ALM-DEW-ALM;ALM-NEUTRAL-THD
2026-04-11T03:30:00+00:00,494,443.2,231.4,26.21,14.87,-1.69,DSYA7_L1,2.08,1.004,,0.39,0.9232,0,,0,70,HYP-HARMONIC,ALM-DEW-WARN;ALM-DEW-ALM;ALM-NEUTRAL-THD
2026-04-11T03:45:00+00:00,495,438.3,229.1,26.24,14.92,-1.69,DSYA7_L1,2.11,1.004,,0.17,0.923,0,,0,70,HYP-HARMONIC,ALM-DEW-WARN;ALM-DEW-ALM;ALM-NEUTRAL-THD
2026-04-11T04:00:00+00:00,496,436.8,228.4,26.25,14.99,-1.69,DSYA1_L1,1.83,1.004,,0.51,0.9231,0,,0,70,HYP-HARMONIC,ALM-DEW-WARN;ALM-DEW-ALM;ALM-NEUTRAL-THD
2026-04-11T04:15:00+00:00,497,436.4,228.1,26.25,15.07,-1.69,DSYA5_L1,1.94,1.004,,0.49,0.9232,0,,0,70,HYP-HARMONIC,ALM-DEW-WARN;ALM-DEW-ALM;ALM-NEUTRAL-THD
2026-04-11T04:30:00+00:00,498,439,229.3,26.23,15.17,-1.69,GIRIS_L1,1.97,1.004,,0.26,0.9231,0,,0,70,HYP-HARMONIC,ALM-DEW-WARN;ALM-DEW-ALM;ALM-NEUTRAL-THD
2026-04-11T04:45:00+00:00,499,445.8,232.5,26.2,15.29,-1.69,DSYA3_L1,2.06,1.004,,0.42,0.9232,0,,0,70,HYP-HARMONIC,ALM-DEW-WARN;ALM-DEW-ALM;ALM-NEUTRAL-THD
2026-04-11T05:00:00+00:00,500,450.5,234.9,26.17,15.43,-1.69,DSYA3_L1,1.87,1.004,,0.52,0.9233,0,,0,70,HYP-HARMONIC,ALM-DEW-WARN;ALM-DEW-ALM;ALM-NEUTRAL-THD
2026-04-11T05:15:00+00:00,501,465.8,242.1,26.08,15.58,-1.68,DSYA3_L1,2.16,1.004,,0.69,0.9236,0,,0,70,HYP-HARMONIC,ALM-DEW-WARN;ALM-DEW-ALM;ALM-NEUTRAL-THD
2026-04-11T05:30:00+00:00,502,481.3,249.3,26,15.75,-1.68,GIRIS_L1,1.99,1.004,,0.36,0.9235,0,,0,70,HYP-HARMONIC,ALM-DEW-WARN;ALM-DEW-ALM;ALM-NEUTRAL-THD
2026-04-11T05:45:00+00:00,503,495.2,255.8,25.92,15.94,-1.68,DSYA7_L1,2.39,1.004,,0.26,0.9233,0,,0,70,HYP-HARMONIC,ALM-DEW-WARN;ALM-DEW-ALM;ALM-NEUTRAL-THD
2026-04-11T06:00:00+00:00,504,510.6,262.8,25.83,16.14,-1.64,DSYA4_L1,2.45,1.004,,0.24,0.923,0,,0,70,HYP-HARMONIC,ALM-DEW-WARN;ALM-DEW-ALM;ALM-NEUTRAL-THD
2026-04-11T06:15:00+00:00,505,544.4,278.3,25.64,16.35,-1.57,DSYA3_L1,2.31,1.004,,0.82,0.9236,0,,0,70,HYP-HARMONIC,ALM-DEW-WARN;ALM-DEW-ALM;ALM-NEUTRAL-THD
2026-04-11T06:30:00+00:00,506,572.9,291.2,25.48,16.58,-1.5,DSYA4_L1,2.75,1.004,,0.4,0.9234,0,,0,70,HYP-HARMONIC,ALM-DEW-WARN;ALM-DEW-ALM;ALM-NEUTRAL-THD
2026-04-11T06:45:00+00:00,507,606.9,306.3,25.29,16.81,-1.42,DSYA3_L1,3.07,1.004,,0.49,0.9232,0,,0,70,HYP-HARMONIC,ALM-DEW-WARN;ALM-DEW-ALM;ALM-NEUTRAL-THD
2026-04-11T07:00:00+00:00,508,643.4,322.1,25.09,17.06,-1.34,DSYA4_L1,3.42,1.004,,0.89,0.9237,0,,0,70,HYP-HARMONIC,ALM-DEW-WARN;ALM-DEW-ALM;ALM-NEUTRAL-THD
2026-04-11T07:15:00+00:00,509,698.2,345.4,24.78,17.32,-1.25,DSYA4_L1,3.96,1.004,,0.68,0.9236,0,,0,70,HYP-HARMONIC,ALM-DEW-WARN;ALM-DEW-ALM;ALM-NEUTRAL-THD
2026-04-11T07:30:00+00:00,510,753.4,368.2,24.48,17.58,-1.16,DSYA4_L1,4.46,1.004,,0.72,0.9233,0,,0,70,HYP-HARMONIC,ALM-DEW-WARN;ALM-DEW-ALM;ALM-NEUTRAL-THD
2026-04-11T07:45:00+00:00,511,812.3,391.9,24.14,17.85,-1.07,DSYA4_L1,5.31,1.004,,0.79,0.9229,0,,0,70,HYP-HARMONIC,ALM-DEW-WARN;ALM-DEW-ALM;ALM-NEUTRAL-THD
2026-04-11T08:00:00+00:00,512,867.1,413.3,23.85,18.13,-0.97,DSYA4_L1,5.97,1.004,,1.01,0.9228,0,,0,70,HYP-HARMONIC,ALM-DEW-WARN;ALM-DEW-ALM;ALM-NEUTRAL-THD
2026-04-11T08:15:00+00:00,513,904.8,427.6,23.63,18.42,-0.87,DSYA4_L1,6.54,1.004,,0.7,0.9211,0,,0,70,HYP-HARMONIC,ALM-DEW-WARN;ALM-DEW-ALM;ALM-NEUTRAL-THD
2026-04-11T08:30:00+00:00,514,952.8,445.5,23.36,18.7,-0.77,DSYA4_L1,7.7,1.004,,1.03,0.9204,0,,0,70,HYP-HARMONIC,ALM-DEW-WARN;ALM-DEW-ALM;ALM-NEUTRAL-THD
2026-04-11T08:45:00+00:00,515,1004,464.2,23.07,18.99,-0.67,DSYA4_L1,8.17,1.004,,1.34,0.9204,0,,0,70,HYP-HARMONIC,ALM-DEW-WARN;ALM-DEW-ALM;ALM-NEUTRAL-THD
2026-04-11T09:00:00+00:00,516,1051,480.5,22.8,19.28,-0.57,DSYA4_L1,9.05,1.004,,1.52,0.9206,0,,0,70,HYP-HARMONIC,ALM-DEW-WARN;ALM-DEW-ALM;ALM-NEUTRAL-THD
2026-04-11T09:15:00+00:00,517,1074,488.3,22.68,19.58,-0.46,DSYA4_L1,9.77,1.004,,1.61,0.9207,0,,0,70,HYP-HARMONIC,ALM-DEW-WARN;ALM-DEW-ALM;ALM-NEUTRAL-THD
2026-04-11T09:30:00+00:00,518,1090,493.8,22.59,19.87,-0.36,DSYA4_L1,10.95,1.004,,1.61,0.9205,0,,0,70,HYP-HARMONIC,ALM-DEW-WARN;ALM-DEW-ALM;ALM-NEUTRAL-THD
2026-04-11T09:45:00+00:00,519,1118,503.2,22.44,20.15,-0.25,DSYA4_L1,10.86,1.004,,1.3,0.9184,0,,0,70,HYP-HARMONIC,ALM-DEW-WARN;ALM-DEW-ALM;ALM-NEUTRAL-THD
2026-04-11T10:00:00+00:00,520,1142,511.5,22.32,20.44,-0.15,DSYA4_L1,11.22,1.004,,1.49,0.9172,0,,0,70,HYP-HARMONIC,ALM-DEW-WARN;ALM-DEW-ALM;ALM-NEUTRAL-THD
2026-04-11T10:15:00+00:00,521,1149,513.5,22.28,20.71,-0.04,DSYA4_L1,11.87,1.004,,1.87,0.9178,0,,0,70,HYP-HARMONIC,ALM-DEW-WARN;ALM-DEW-ALM;ALM-NEUTRAL-THD
2026-04-11T10:30:00+00:00,522,1146,512.9,22.3,20.99,0.06,DSYA4_L1,12.55,1.004,,2.02,0.9189,0,,0,70,HYP-HARMONIC,ALM-DEW-WARN;ALM-DEW-ALM;ALM-NEUTRAL-THD
2026-04-11T10:45:00+00:00,523,1148,513.4,22.29,21.25,0.16,DSYA4_L1,12.27,1.004,,2.06,0.9202,0,,0,70,HYP-HARMONIC,ALM-DEW-WARN;ALM-DEW-ALM;ALM-NEUTRAL-THD
2026-04-11T11:00:00+00:00,524,1149,513.6,22.28,21.51,0.26,DSYA7_L1,12.35,1.004,,1.91,0.9204,0,,0,70,HYP-HARMONIC,ALM-DEW-WARN;ALM-DEW-ALM;ALM-NEUTRAL-THD
2026-04-11T11:15:00+00:00,525,1138,510,22.33,21.76,0.36,DSYA4_L1,12.22,1.004,,1.68,0.9193,0,,0,70,HYP-HARMONIC,ALM-DEW-WARN;ALM-DEW-ALM;ALM-NEUTRAL-THD
2026-04-11T11:30:00+00:00,526,1135,508.9,22.34,21.99,0.45,DSYA4_L1,12.44,1.004,,1.76,0.9192,0,,0,70,HYP-HARMONIC,ALM-DEW-WARN;ALM-DEW-ALM;ALM-NEUTRAL-THD
2026-04-11T11:45:00+00:00,527,1128,506.5,22.38,22.22,0.54,DSYA4_L1,12.15,1.003,,1.75,0.9189,0,,0,70,HYP-HARMONIC,ALM-DEW-WARN;ALM-DEW-ALM;ALM-NEUTRAL-THD
2026-04-11T12:00:00+00:00,528,1133,508.2,22.35,22.43,0.62,DSYA4_L1,12.03,1.004,,1.94,0.9198,0,,0,70,HYP-HARMONIC,ALM-DEW-WARN;ALM-DEW-ALM;ALM-NEUTRAL-THD
2026-04-11T12:15:00+00:00,529,1118,503.2,22.44,22.63,0.7,DSYA7_L1,11.93,1.004,,1.74,0.9193,0,,0,70,HYP-HARMONIC,ALM-DEW-WARN;ALM-DEW-ALM;ALM-NEUTRAL-THD
2026-04-11T12:30:00+00:00,530,1094,495.3,22.57,22.81,0.78,DSYA3_L1,11.74,1.004,,1.77,0.9194,0,,0,70,HYP-HARMONIC,ALM-DEW-WARN;ALM-DEW-ALM;ALM-NEUTRAL-THD
2026-04-11T12:45:00+00:00,531,1089,493.5,22.61,22.98,0.85,DSYA7_L1,11.78,1.004,,1.87,0.9203,0,,0,70,HYP-HARMONIC,ALM-DEW-WARN;ALM-DEW-ALM;ALM-NEUTRAL-THD
2026-04-11T13:00:00+00:00,532,1075,488.7,22.68,23.14,0.91,DSYA4_L1,11.44,1.005,,2.24,0.9232,0,,0,70,HYP-HARMONIC,ALM-DEW-WARN;ALM-DEW-ALM;ALM-NEUTRAL-THD
2026-04-11T13:15:00+00:00,533,1071,487.4,22.71,23.28,0.96,DSYA3_L1,11.03,1.004,,1.92,0.9241,0,,0,70,HYP-HARMONIC,ALM-DEW-WARN;ALM-DEW-ALM;ALM-NEUTRAL-THD
2026-04-11T13:30:00+00:00,534,1047,479.2,22.84,23.4,1.01,DSYA7_L1,11.02,1.004,,1.94,0.9254,0,,0,70,HYP-HARMONIC,ALM-DEW-WARN;ALM-NEUTRAL-THD
2026-04-11T13:45:00+00:00,535,1032,474.1,22.92,23.5,1.06,DSYA7_L1,10.6,1.004,,1.77,0.926,0,,0,70,HYP-HARMONIC,ALM-DEW-WARN;ALM-NEUTRAL-THD
2026-04-11T14:00:00+00:00,536,1008,465.4,23.05,23.58,1.09,DSYA3_L1,10.53,1.005,,2.18,0.9292,0,,0,70,HYP-HARMONIC,ALM-DEW-WARN;ALM-NEUTRAL-THD
2026-04-11T14:15:00+00:00,537,997,461.6,23.12,23.65,1.12,DSYA3_L1,9.79,1.005,,1.57,0.9286,0,,0,70,HYP-HARMONIC,ALM-DEW-WARN;ALM-NEUTRAL-THD
2026-04-11T14:30:00+00:00,538,985.6,457.4,23.18,23.7,1.14,DSYA3_L1,9.72,1.005,,1.57,0.9289,0,,0,70,HYP-HARMONIC,ALM-DEW-WARN;ALM-NEUTRAL-THD
2026-04-11T14:45:00+00:00,539,985.7,457.4,23.18,23.72,1.15,DSYA3_L1,9.71,1.005,,1.09,0.9268,0,,0,70,HYP-HARMONIC,ALM-DEW-WARN;ALM-NEUTRAL-THD
2026-04-11T15:00:00+00:00,540,972,452.5,23.26,23.73,1.15,DSYA3_L1,9.39,1.005,,1.27,0.9262,0,,0,70,HYP-HARMONIC,ALM-DEW-WARN;ALM-NEUTRAL-THD
2026-04-11T15:15:00+00:00,541,970.4,452,23.27,23.72,1.15,DSYA3_L1,9.06,1.005,,1.72,0.9278,0,,0,70,HYP-HARMONIC,ALM-DEW-WARN;ALM-NEUTRAL-THD
2026-04-11T15:30:00+00:00,542,974.5,453.3,23.24,23.7,1.14,DSYA3_L1,8.97,1.005,,1.41,0.9273,0,,0,70,HYP-HARMONIC,ALM-DEW-WARN;ALM-NEUTRAL-THD
2026-04-11T15:45:00+00:00,543,977.2,454.4,23.23,23.65,1.12,DSYA4_L1,9.11,1.006,,1.65,0.9284,0,,0,70,HYP-HARMONIC,ALM-DEW-WARN;ALM-NEUTRAL-THD
2026-04-11T16:00:00+00:00,544,976.4,454.1,23.23,23.58,1.09,DSYA4_L1,9.06,1.005,,1.3,0.9274,0,,0,70,HYP-HARMONIC,ALM-DEW-WARN;ALM-NEUTRAL-THD
2026-04-11T16:15:00+00:00,545,977.1,454.4,23.23,23.5,1.06,DSYA4_L1,9.05,1.005,,1.32,0.9269,0,,0,70,HYP-HARMONIC,ALM-DEW-WARN;ALM-NEUTRAL-THD
2026-04-11T16:30:00+00:00,546,989.1,458.6,23.15,23.4,1.01,DSYA7_L1,8.83,1.005,,1.48,0.9272,0,,0,70,HYP-HARMONIC,ALM-DEW-WARN;ALM-NEUTRAL-THD
2026-04-11T16:45:00+00:00,547,998.8,462.1,23.09,23.28,0.96,DSYA3_L1,9.11,1.006,,1.48,0.9272,0,,0,70,HYP-HARMONIC,ALM-DEW-WARN;ALM-DEW-ALM;ALM-NEUTRAL-THD
2026-04-11T17:00:00+00:00,548,1020,469.5,22.98,23.14,0.91,DSYA3_L1,9.29,1.005,,1.49,0.9272,0,,0,70,HYP-HARMONIC,ALM-DEW-WARN;ALM-DEW-ALM;ALM-NEUTRAL-THD
2026-04-11T17:15:00+00:00,549,1048,479.5,22.83,22.98,0.85,DSYA3_L1,9.61,1.006,,1.58,0.9275,0,,0,70,HYP-HARMONIC,ALM-DEW-WARN;ALM-DEW-ALM;ALM-NEUTRAL-THD
2026-04-11T17:30:00+00:00,550,1078,489.8,22.67,22.81,0.78,DSYA4_L1,10.1,1.006,,1.7,0.928,0,,0,70,HYP-HARMONIC,ALM-DEW-WARN;ALM-DEW-ALM;ALM-NEUTRAL-THD
2026-04-11T17:45:00+00:00,551,1111,500.7,22.47,22.63,0.7,DSYA4_L1,10.53,1.006,,1.49,0.9268,0,,0,70,HYP-HARMONIC,ALM-DEW-WARN;ALM-DEW-ALM;ALM-NEUTRAL-THD
2026-04-11T18:00:00+00:00,552,1143,511.4,22.29,22.43,0.62,DSYA4_L1,11.57,1.005,,1.49,0.9254,0,,0,70,HYP-HARMONIC,ALM-DEW-WARN;ALM-DEW-ALM;ALM-NEUTRAL-THD
2026-04-11T18:15:00+00:00,553,1165,518.7,22.16,22.22,0.54,DSYA4_L1,11.96,1.006,,1.82,0.9258,0,,0,70,HYP-HARMONIC,ALM-DEW-WARN;ALM-DEW-ALM;ALM-NEUTRAL-THD
2026-04-11T18:30:00+00:00,554,1184,524.5,22.04,21.99,0.45,DSYA4_L1,12.4,1.006,,2,0.9267,0,,0,70,HYP-HARMONIC,ALM-DEW-WARN;ALM-DEW-ALM;ALM-NEUTRAL-THD
2026-04-11T18:45:00+00:00,555,1214,533.9,21.88,21.76,0.36,DSYA4_L1,13.17,1.006,,1.73,0.9252,0,,0,70,HYP-HARMONIC,ALM-DEW-WARN;ALM-DEW-ALM;ALM-NEUTRAL-THD
2026-04-11T19:00:00+00:00,556,1248,544.6,21.69,21.51,0.26,DSYA4_L1,13.67,1.006,,2.11,0.9263,0,,0,70,HYP-HARMONIC,ALM-DEW-WARN;ALM-DEW-ALM;ALM-NEUTRAL-THD
2026-04-11T19:15:00+00:00,557,1261,548.3,21.6,21.25,0.16,DSYA4_L1,14.3,1.005,,2.23,0.9274,0,,0,70,HYP-HARMONIC,ALM-DEW-WARN;ALM-DEW-ALM;ALM-NEUTRAL-THD
2026-04-11T19:30:00+00:00,558,1268,550.3,21.57,20.99,0.06,DSYA4_L1,14.88,1.005,,2.16,0.9276,0,,0,70,HYP-HARMONIC,ALM-DEW-WARN;ALM-DEW-ALM;ALM-NEUTRAL-THD
2026-04-11T19:45:00+00:00,559,1287,555.9,21.45,20.71,-0.04,DSYA4_L1,15.11,1.007,,2.36,0.9293,0,,0,70,HYP-HARMONIC,ALM-DEW-WARN;ALM-DEW-ALM;ALM-NEUTRAL-THD
2026-04-11T20:00:00+00:00,560,1304,561,21.37,20.44,-0.15,DSYA4_L1,15.36,1.006,,2.12,0.9286,0,,0,70,HYP-HARMONIC,ALM-DEW-WARN;ALM-DEW-ALM;ALM-NEUTRAL-THD
2026-04-11T20:15:00+00:00,561,1288,556.2,21.46,20.15,-0.25,DSYA4_L1,15.67,1.005,,2.38,0.93,0,,0,70,HYP-HARMONIC,ALM-DEW-WARN;ALM-DEW-ALM;ALM-NEUTRAL-THD
2026-04-11T20:30:00+00:00,562,1271,551.1,21.55,19.87,-0.36,DSYA4_L1,15.48,1.005,,2.14,0.9294,0,,0,70,HYP-HARMONIC,ALM-DEW-WARN;ALM-DEW-ALM;ALM-NEUTRAL-THD
2026-04-11T20:45:00+00:00,563,1256,546.9,21.64,19.58,-0.46,DSYA7_L1,15.1,1.005,,2.04,0.9286,0,,0,70,HYP-HARMONIC,ALM-DEW-WARN;ALM-DEW-ALM;ALM-NEUTRAL-THD
2026-04-11T21:00:00+00:00,564,1240,541.9,21.73,19.28,-0.57,DSYA7_L1,14.83,1.005,,2.01,0.9281,0,,0,70,HYP-HARMONIC,ALM-DEW-WARN;ALM-DEW-ALM;ALM-NEUTRAL-THD
2026-04-11T21:15:00+00:00,565,1206,531.6,21.92,18.99,-0.67,DSYA3_L1,14.52,1.005,,2.03,0.9279,0,,0,70,HYP-HARMONIC,ALM-DEW-WARN;ALM-DEW-ALM;ALM-NEUTRAL-THD
2026-04-11T21:30:00+00:00,566,1173,521.1,22.11,18.7,-0.77,DSYA7_L1,14.38,1.005,,1.87,0.927,0,,0,70,HYP-HARMONIC,ALM-DEW-WARN;ALM-DEW-ALM;ALM-NEUTRAL-THD
2026-04-11T21:45:00+00:00,567,1141,510.7,22.28,18.42,-0.87,DSYA7_L1,13.74,1.005,,1.8,0.9264,0,,0,70,HYP-HARMONIC,ALM-DEW-WARN;ALM-DEW-ALM;ALM-NEUTRAL-THD
2026-04-11T22:00:00+00:00,568,1118,503.2,22.42,18.13,-0.97,DSYA7_L1,12.82,1.005,,1.77,0.9261,0,,0,70,HYP-HARMONIC,ALM-DEW-WARN;ALM-DEW-ALM;ALM-NEUTRAL-THD
2026-04-11T22:15:00+00:00,569,1053,481.4,22.79,17.85,-1.07,DSYA3_L1,12.38,1.005,,1.85,0.9265,0,,0,70,HYP-HARMONIC,ALM-DEW-WARN;ALM-DEW-ALM;ALM-NEUTRAL-THD
2026-04-11T22:30:00+00:00,570,983.4,456.6,23.18,17.58,-1.16,DSYA3_L1,11.67,1.006,,1.79,0.9272,0,,0,70,HYP-HARMONIC,ALM-DEW-WARN;ALM-DEW-ALM;ALM-NEUTRAL-THD
2026-04-11T22:45:00+00:00,571,917.8,432.5,23.55,17.32,-1.25,DSYA7_L1,10.31,1.006,,1.61,0.9276,0,,0,70,HYP-HARMONIC,ALM-DEW-WARN;ALM-DEW-ALM;ALM-NEUTRAL-THD
2026-04-11T23:00:00+00:00,572,855.5,408.8,23.89,17.06,-1.34,DSYA7_L1,9.4,1.006,,1.36,0.9276,0,,0,70,HYP-HARMONIC,ALM-DEW-WARN;ALM-DEW-ALM;ALM-NEUTRAL-THD
2026-04-11T23:15:00+00:00,573,771.6,375.7,24.37,16.81,-1.42,DSYA3_L1,8.56,1.006,,1.35,0.9281,0,,0,70,HYP-HARMONIC,ALM-DEW-WARN;ALM-DEW-ALM;ALM-NEUTRAL-THD
2026-04-11T23:30:00+00:00,574,692.2,342.9,24.81,16.58,-1.5,DSYA7_L1,7.05,1.006,,1.07,0.9281,0,,0,70,HYP-HARMONIC,ALM-DEW-WARN;ALM-DEW-ALM;ALM-NEUTRAL-THD
2026-04-11T23:45:00+00:00,575,619.2,311.7,25.22,16.35,-1.57,DSYA3_L1,5.97,1.006,,1.21,0.9291,0,,0,70,HYP-HARMONIC,ALM-DEW-WARN;ALM-DEW-ALM;ALM-NEUTRAL-THD
2026-04-12T00:00:00+00:00,576,542.6,277.6,25.65,16.43,-1.55,DSYA7_L1,5.09,1.006,,0.92,0.9294,0,,0,70,HYP-HARMONIC,ALM-DEW-WARN;ALM-DEW-ALM;ALM-NEUTRAL-THD
2026-04-12T00:15:00+00:00,577,530.4,272,25.72,16.23,-1.61,DSYA7_L1,4.24,1.006,,0.8,0.9297,0,,0,70,HYP-HARMONIC,ALM-DEW-WARN;ALM-DEW-ALM;ALM-NEUTRAL-THD
2026-04-12T00:30:00+00:00,578,518.9,266.7,25.78,16.04,-1.67,DSYA7_L1,3.84,1.006,,0.47,0.9295,0,,0,70,HYP-HARMONIC,ALM-DEW-WARN;ALM-DEW-ALM;ALM-NEUTRAL-THD
2026-04-12T00:45:00+00:00,579,507.1,261.4,25.85,15.87,-1.68,DSYA3_L1,3.02,1.006,,0.68,0.9299,0,,0,70,HYP-HARMONIC,ALM-DEW-WARN;ALM-DEW-ALM;ALM-NEUTRAL-THD
2026-04-12T01:00:00+00:00,580,492.1,254.6,25.93,15.72,-1.68,DSYA3_L1,2.97,1.006,,0.37,0.9296,0,,0,70,HYP-HARMONIC,ALM-DEW-WARN;ALM-DEW-ALM;ALM-NEUTRAL-THD
2026-04-12T01:15:00+00:00,581,481.2,249.5,25.99,15.58,-1.68,DSYA1_L1,2.85,1.006,,0.77,0.9302,0,,0,70,HYP-HARMONIC,ALM-DEW-WARN;ALM-DEW-ALM;ALM-NEUTRAL-THD
2026-04-12T01:30:00+00:00,582,469.1,243.9,26.06,15.46,-1.69,DSYA3_L1,2.59,1.006,,0.31,0.9299,0,,0,70,HYP-HARMONIC,ALM-DEW-WARN;ALM-DEW-ALM;ALM-NEUTRAL-THD
2026-04-12T01:45:00+00:00,583,459.1,239.1,26.11,15.36,-1.69,DSYA3_L1,2.8,1.006,,0.47,0.93,0,,0,70,HYP-HARMONIC,ALM-DEW-WARN;ALM-DEW-ALM;ALM-NEUTRAL-THD
2026-04-12T02:00:00+00:00,584,450.9,235.4,26.16,15.28,-1.69,DSYA2_L1,1.91,1.006,,0.31,0.9298,0,,0,70,HYP-HARMONIC,ALM-DEW-WARN;ALM-DEW-ALM;ALM-NEUTRAL-THD
2026-04-12T02:15:00+00:00,585,442.7,231.5,26.2,15.21,-1.69,DSYA7_L1,2.25,1.006,,0.18,0.9295,0,,0,70,HYP-HARMONIC,ALM-DEW-WARN;ALM-DEW-ALM;ALM-NEUTRAL-THD
2026-04-12T02:30:00+00:00,586,435.3,228,26.24,15.16,-1.69,DSYA7_L1,2.27,1.006,,0.76,0.9302,0,,0,70,HYP-HARMONIC,ALM-DEW-WARN;ALM-DEW-ALM;ALM-NEUTRAL-THD
2026-04-12T02:45:00+00:00,587,428.3,224.6,26.28,15.13,-1.69,DSYA3_L1,2.17,1.006,,0.4,0.9302,0,,0,70,HYP-HARMONIC,ALM-DEW-WARN;ALM-DEW-ALM;ALM-NEUTRAL-THD
2026-04-12T03:00:00+00:00,588,421.6,221.6,26.32,15.13,-1.69,DSYA3_L1,2,1.006,,0.49,0.9303,0,,0,70,HYP-HARMONIC,ALM-DEW-WARN;ALM-DEW-ALM;ALM-NEUTRAL-THD
2026-04-12T03:15:00+00:00,589,419.7,220.6,26.33,15.13,-1.69,DSYA7_L1,1.94,1.006,,0.56,0.9306,0,,0,70,HYP-HARMONIC,ALM-DEW-WARN;ALM-DEW-ALM;ALM-NEUTRAL-THD
2026-04-12T03:30:00+00:00,590,418.4,220,26.34,15.16,-1.69,DSYA3_L2,1.68,1.006,,0.26,0.9304,0,,0,70,HYP-HARMONIC,ALM-DEW-WARN;ALM-DEW-ALM;ALM-NEUTRAL-THD
2026-04-12T03:45:00+00:00,591,416.8,219.2,26.35,15.21,-1.69,DSYA7_L1,1.78,1.006,,0.33,0.9304,0,,0,70,HYP-HARMONIC,ALM-DEW-WARN;ALM-DEW-ALM;ALM-NEUTRAL-THD
2026-04-12T04:00:00+00:00,592,415.4,218.4,26.35,15.28,-1.69,DSYA7_L1,1.87,1.006,,0.14,0.9302,0,,0,70,HYP-HARMONIC,ALM-DEW-WARN;ALM-DEW-ALM;ALM-NEUTRAL-THD
2026-04-12T04:15:00+00:00,593,419.9,220.6,26.33,15.36,-1.69,DSYA7_L1,1.72,1.006,,0.39,0.9303,0,,0,70,HYP-HARMONIC,ALM-DEW-WARN;ALM-DEW-ALM;ALM-NEUTRAL-THD
2026-04-12T04:30:00+00:00,594,426.4,223.7,26.29,15.46,-1.69,DSYA3_L1,1.98,1.006,,-0.1,0.9297,0,,0,70,HYP-HARMONIC,ALM-DEW-WARN;ALM-DEW-ALM;ALM-NEUTRAL-THD
2026-04-12T04:45:00+00:00,595,429.7,225.3,26.27,15.58,-1.68,DSYA7_L1,1.76,1.006,,0.58,0.9302,0,,0,70,HYP-HARMONIC,ALM-DEW-WARN;ALM-DEW-ALM;ALM-NEUTRAL-THD
2026-04-12T05:00:00+00:00,596,434.8,227.8,26.24,15.72,-1.68,DSYA2_L1,1.82,1.006,,0.1,0.9298,0,,0,70,HYP-HARMONIC,ALM-DEW-WARN;ALM-DEW-ALM;ALM-NEUTRAL-THD
2026-04-12T05:15:00+00:00,597,448.8,234.4,26.16,15.87,-1.68,DSYA4_L2,1.76,1.006,,0.41,0.9299,0,,0,70,HYP-HARMONIC,ALM-DEW-WARN;ALM-DEW-ALM;ALM-NEUTRAL-THD
2026-04-12T05:30:00+00:00,598,462.7,241,26.09,16.04,-1.67,DSYA7_L1,1.89,1.006,,0.38,0.9299,0,,0,70,HYP-HARMONIC,ALM-DEW-WARN;ALM-DEW-ALM;ALM-NEUTRAL-THD
2026-04-12T05:45:00+00:00,599,475.9,247.2,26.01,16.23,-1.61,DSYA2_L1,1.91,1.006,,0.62,0.9303,0,,0,70,HYP-HARMONIC,ALM-DEW-WARN;ALM-DEW-ALM;ALM-NEUTRAL-THD
2026-04-12T06:00:00+00:00,600,487.3,252.6,25.95,16.43,-1.55,DSYA3_L1,2.26,1.006,,0.28,0.93,0,,0,70,HYP-HARMONIC,ALM-DEW-WARN;ALM-DEW-ALM;ALM-NEUTRAL-THD
2026-04-12T06:15:00+00:00,601,520,267.7,25.76,16.64,-1.48,DSYA4_L1,2.27,1.006,,0.32,0.9298,0,,0,70,HYP-HARMONIC,ALM-DEW-WARN;ALM-DEW-ALM;ALM-NEUTRAL-THD
2026-04-12T06:30:00+00:00,602,556.8,284.4,25.55,16.86,-1.4,DSYA4_L1,2.49,1.006,,0.07,0.9288,0,,0,70,HYP-HARMONIC,ALM-DEW-WARN;ALM-DEW-ALM;ALM-NEUTRAL-THD
2026-04-12T06:45:00+00:00,603,593.8,300.9,25.34,17.1,-1.32,DSYA4_L1,3.04,1.006,,0.51,0.9289,0,,0,70,HYP-HARMONIC,ALM-DEW-WARN;ALM-DEW-ALM;ALM-NEUTRAL-THD
2026-04-12T07:00:00+00:00,604,626.2,315.2,25.16,17.34,-1.24,DSYA4_L1,3.43,1.006,,0.72,0.9292,0,,0,70,HYP-HARMONIC,ALM-DEW-WARN;ALM-DEW-ALM;ALM-NEUTRAL-THD
2026-04-12T07:15:00+00:00,605,680.9,338.8,24.85,17.6,-1.16,DSYA3_L1,3.27,1.006,,0.97,0.93,0,,0,70,HYP-HARMONIC,ALM-DEW-WARN;ALM-DEW-ALM;ALM-NEUTRAL-THD
2026-04-12T07:30:00+00:00,606,729.7,359.2,24.56,17.86,-1.07,DSYA4_L1,4.02,1.006,,0.76,0.9297,0,,0,70,HYP-HARMONIC,ALM-DEW-WARN;ALM-DEW-ALM;ALM-NEUTRAL-THD
2026-04-12T07:45:00+00:00,607,787.5,382.7,24.24,18.14,-0.97,DSYA2_L1,4.52,1.006,,0.83,0.9295,0,,0,70,HYP-HARMONIC,ALM-DEW-WARN;ALM-DEW-ALM;ALM-NEUTRAL-THD
2026-04-12T08:00:00+00:00,608,843.7,404.9,23.92,18.41,-0.88,DSYA4_L1,5.48,1.005,,1.22,0.9305,0,,0,70,HYP-HARMONIC,ALM-DEW-WARN;ALM-DEW-ALM;ALM-NEUTRAL-THD
2026-04-12T08:15:00+00:00,609,893.7,424,23.64,18.7,-0.78,DSYA4_L1,6.23,1.006,,1.14,0.9304,0,,0,70,HYP-HARMONIC,ALM-DEW-WARN;ALM-DEW-ALM;ALM-NEUTRAL-THD
2026-04-12T08:30:00+00:00,610,945.6,443.3,23.34,18.98,-0.68,DSYA4_L1,7.26,1.005,,0.95,0.9287,0,,0,70,HYP-HARMONIC,ALM-DEW-WARN;ALM-DEW-ALM;ALM-NEUTRAL-THD
2026-04-12T08:45:00+00:00,611,994.8,461.1,23.06,19.27,-0.57,DSYA4_L1,8.21,1.005,,1.06,0.9271,0,,0,70,HYP-HARMONIC,ALM-DEW-WARN;ALM-DEW-ALM;ALM-NEUTRAL-THD
2026-04-12T09:00:00+00:00,612,1040,477,22.8,19.56,-0.47,DSYA4_L1,9.27,1.005,,1.21,0.9256,0,,0,70,HYP-HARMONIC,ALM-DEW-WARN;ALM-DEW-ALM;ALM-NEUTRAL-THD
2026-04-12T09:15:00+00:00,613,1059,483.6,22.68,19.85,-0.36,DSYA4_L1,10.03,1.004,,1.74,0.9272,0,,0,70,HYP-HARMONIC,ALM-DEW-WARN;ALM-DEW-ALM;ALM-NEUTRAL-THD
2026-04-12T09:30:00+00:00,614,1083,491.7,22.54,20.14,-0.26,DSYA4_L1,10.34,1.005,,1.55,0.9263,0,,0,70,HYP-HARMONIC,ALM-DEW-WARN;ALM-DEW-ALM;ALM-NEUTRAL-THD
2026-04-12T09:45:00+00:00,615,1098,496.6,22.45,20.43,-0.15,DSYA4_L1,10.36,1.006,,1.61,0.9259,0,,0,70,HYP-HARMONIC,ALM-DEW-WARN;ALM-DEW-ALM;ALM-NEUTRAL-THD
2026-04-12T10:00:00+00:00,616,1120,503.8,22.33,20.71,-0.04,DSYA4_L1,10.77,1.006,,1.52,0.9244,0,,0,70,HYP-HARMONIC,ALM-DEW-WARN;ALM-DEW-ALM;ALM-NEUTRAL-THD
2026-04-12T10:15:00+00:00,617,1121,504.1,22.32,20.99,0.06,DSYA4_L1,11.45,1.005,,1.72,0.9243,0,,0,70,HYP-HARMONIC,ALM-DEW-WARN;ALM-DEW-ALM;ALM-NEUTRAL-THD
2026-04-12T10:30:00+00:00,618,1125,505.5,22.31,21.26,0.17,DSYA4_L1,11.88,1.004,,2.04,0.9265,0,,0,70,HYP-HARMONIC,ALM-DEW-WARN;ALM-DEW-ALM;ALM-NEUTRAL-THD
2026-04-12T10:45:00+00:00,619,1123,504.7,22.31,21.53,0.27,DSYA4_L1,11.91,1.004,,1.14,0.9207,0,,0,70,HYP-HARMONIC,ALM-DEW-WARN;ALM-DEW-ALM;ALM-NEUTRAL-THD
2026-04-12T11:00:00+00:00,620,1111,500.8,22.38,21.78,0.37,DSYA4_L1,11.86,1.004,,1.9,0.9222,0,,0,70,HYP-HARMONIC,ALM-DEW-WARN;ALM-DEW-ALM;ALM-NEUTRAL-THD
2026-04-12T11:15:00+00:00,621,1103,498.1,22.43,22.03,0.46,DSYA3_L1,11.6,1.004,,1.82,0.9226,0,,0,70,HYP-HARMONIC,ALM-DEW-WARN;ALM-DEW-ALM;ALM-NEUTRAL-THD
2026-04-12T11:30:00+00:00,622,1093,494.8,22.49,22.26,0.56,DSYA7_L1,11.4,1.005,,2.18,0.926,0,,0,70,HYP-HARMONIC,ALM-DEW-WARN;ALM-DEW-ALM;ALM-NEUTRAL-THD
2026-04-12T11:45:00+00:00,623,1083,491.3,22.54,22.49,0.65,DSYA3_L1,11.49,1.004,,1.42,0.9233,0,,0,70,HYP-HARMONIC,ALM-DEW-WARN;ALM-DEW-ALM;ALM-NEUTRAL-THD
2026-04-12T12:00:00+00:00,624,1076,489.2,22.58,22.7,0.73,DSYA7_L1,11.33,1.005,,1.53,0.9223,0,,0,70,HYP-HARMONIC,ALM-DEW-WARN;ALM-DEW-ALM;ALM-NEUTRAL-THD
2026-04-12T12:15:00+00:00,625,1062,484.3,22.66,22.9,0.81,DSYA4_L1,11.23,1.004,,1.61,0.922,0,,0,70,HYP-HARMONIC,ALM-DEW-WARN;ALM-DEW-ALM;ALM-NEUTRAL-THD
2026-04-12T12:30:00+00:00,626,1040,477,22.78,23.08,0.89,DSYA7_L1,10.96,1.004,,1.59,0.9217,0,,0,70,HYP-HARMONIC,ALM-DEW-WARN;ALM-DEW-ALM;ALM-NEUTRAL-THD
2026-04-12T12:45:00+00:00,627,1031,473.7,22.83,23.25,0.95,DSYA3_L1,10.63,1.004,,2.01,0.9245,0,,0,70,HYP-HARMONIC,ALM-DEW-WARN;ALM-DEW-ALM;ALM-NEUTRAL-THD
2026-04-12T13:00:00+00:00,628,1017,468.9,22.9,23.41,1.02,DSYA4_L1,10.41,1.004,,1.79,0.9258,0,,0,70,HYP-HARMONIC,ALM-DEW-WARN;ALM-NEUTRAL-THD
2026-04-12T13:15:00+00:00,629,1009,466.1,22.96,23.54,1.07,DSYA3_L1,10.14,1.005,,1.3,0.9239,0,,0,70,HYP-HARMONIC,ALM-DEW-WARN;ALM-NEUTRAL-THD
2026-04-12T13:30:00+00:00,630,996.3,461.8,23.03,23.66,1.12,DSYA7_L1,9.75,1.004,,1.8,0.9258,0,,0,70,HYP-HARMONIC,ALM-DEW-WARN;ALM-NEUTRAL-THD
2026-04-12T13:45:00+00:00,631,979.5,455.8,23.13,23.76,1.17,DSYA7_L1,9.36,1.004,,1.07,0.923,0,,0,70,HYP-HARMONIC,ALM-DEW-WARN;ALM-NEUTRAL-THD
2026-04-12T14:00:00+00:00,632,965.2,450.5,23.2,23.85,1.2,DSYA7_L1,9.39,1.003,,2.08,0.9267,0,,0,70,HYP-HARMONIC,ALM-DEW-WARN;ALM-NEUTRAL-THD
2026-04-12T14:15:00+00:00,633,956.5,447.4,23.25,23.92,1.23,DSYA1_L1,8.99,1.003,,1.28,0.9257,0,,0,70,HYP-HARMONIC,ALM-DEW-WARN;ALM-NEUTRAL-THD
2026-04-12T14:30:00+00:00,634,950.2,445.2,23.3,23.96,1.25,DSYA7_L1,8.77,1.003,,1.48,0.9261,0,,0,70,HYP-HARMONIC,ALM-DEW-WARN;ALM-NEUTRAL-THD
2026-04-12T14:45:00+00:00,635,940.1,441.4,23.36,23.99,1.26,DSYA3_L1,8.58,1.003,,1.18,0.925,0,,0,70,HYP-HARMONIC,ALM-DEW-WARN;ALM-NEUTRAL-THD
2026-04-12T15:00:00+00:00,636,929.8,437.5,23.41,24,1.27,DSYA7_L1,8.35,1.003,,1.56,0.926,0,,0,70,HYP-HARMONIC,ALM-DEW-WARN;ALM-NEUTRAL-THD
2026-04-12T15:15:00+00:00,637,933.2,438.9,23.39,23.99,1.26,DSYA4_L1,8.13,1.004,,0.78,0.94,0,,0,70,HYP-HARMONIC,ALM-DEW-WARN;ALM-NEUTRAL-THD
2026-04-12T15:30:00+00:00,638,933.6,439.1,23.39,23.96,1.25,DSYA3_L1,8.33,1.003,,1.41,0.9446,0,,0,70,HYP-HARMONIC,ALM-DEW-WARN;ALM-NEUTRAL-THD
2026-04-12T15:45:00+00:00,639,948,444.2,23.31,23.92,1.23,DSYA4_L1,8.2,1.003,,1.3,0.9448,0,,0,70,HYP-HARMONIC,ALM-DEW-WARN;ALM-NEUTRAL-THD
2026-04-12T16:00:00+00:00,640,955.9,447,23.27,23.85,1.2,DSYA3_L1,8.53,1.004,,1.17,0.9413,0,,0,70,HYP-HARMONIC,ALM-DEW-WARN;ALM-NEUTRAL-THD
2026-04-12T16:15:00+00:00,641,973.1,453.2,23.17,23.76,1.17,DSYA4_L1,8.22,1.004,,1.1,0.9298,0,,0,70,HYP-HARMONIC,ALM-DEW-WARN;ALM-NEUTRAL-THD
2026-04-12T16:30:00+00:00,642,983,456.8,23.11,23.66,1.12,DSYA4_L1,8.8,1.004,,1.19,0.9191,0,,0,70,HYP-HARMONIC,ALM-DEW-WARN;ALM-NEUTRAL-THD
2026-04-12T16:45:00+00:00,643,989.4,459.2,23.08,23.54,1.07,DSYA4_L1,9.1,1.003,,1.62,0.924,0,,0,70,HYP-HARMONIC,ALM-DEW-WARN;ALM-NEUTRAL-THD
2026-04-12T17:00:00+00:00,644,1000,463.1,23.01,23.41,1.02,DSYA4_L1,9.36,1.004,,1.6,0.9218,0,,0,70,HYP-HARMONIC,ALM-DEW-WARN;ALM-NEUTRAL-THD
2026-04-12T17:15:00+00:00,645,1036,475.7,22.8,23.25,0.95,DSYA4_L1,9.15,1.003,,1.61,0.9215,0,,0,70,HYP-HARMONIC,ALM-DEW-WARN;ALM-DEW-ALM;ALM-NEUTRAL-THD
2026-04-12T17:30:00+00:00,646,1074,488.6,22.58,23.08,0.89,DSYA3_L1,9.53,1.003,,1.41,0.9205,0,,0,70,HYP-HARMONIC,ALM-DEW-WARN;ALM-DEW-ALM;ALM-NEUTRAL-THD
2026-04-12T17:45:00+00:00,647,1113,501.6,22.35,22.9,0.81,DSYA4_L1,10.47,1.003,,1.72,0.9229,0,,0,70,HYP-HARMONIC,ALM-DEW-WARN;ALM-DEW-ALM;ALM-NEUTRAL-THD
2026-04-12T18:00:00+00:00,648,1152,514,22.13,22.7,0.73,DSYA4_L1,11.26,1.003,,2.03,0.9259,0,,0,70,HYP-HARMONIC,ALM-DEW-WARN;ALM-DEW-ALM;ALM-NEUTRAL-THD
2026-04-12T18:15:00+00:00,649,1181,523.3,21.98,22.49,0.65,DSYA4_L1,12.19,1.002,,1.62,0.9309,0,,0,70,HYP-HARMONIC,ALM-DEW-WARN;ALM-DEW-ALM;ALM-NEUTRAL-THD
2026-04-12T18:30:00+00:00,650,1208,531.7,21.82,22.26,0.56,DSYA4_L1,12.68,1.003,,1.94,0.9322,0,,0,70,HYP-HARMONIC,ALM-DEW-WARN;ALM-DEW-ALM;ALM-NEUTRAL-THD
2026-04-12T18:45:00+00:00,651,1237,540.6,21.67,22.03,0.46,DSYA4_L1,13.3,1.003,,2.08,0.9333,0,,0,70,HYP-HARMONIC,ALM-DEW-WARN;ALM-DEW-ALM;ALM-NEUTRAL-THD
2026-04-12T19:00:00+00:00,652,1266,549.1,21.5,21.78,0.37,DSYA4_L1,14.13,1.002,,1.8,0.9333,0,,0,70,HYP-HARMONIC,ALM-DEW-WARN;ALM-DEW-ALM;ALM-NEUTRAL-THD
2026-04-12T19:15:00+00:00,653,1282,553.8,21.41,21.53,0.27,DSYA4_L1,14.36,1.002,,2.04,0.93,0,,0,70,HYP-HARMONIC,ALM-DEW-WARN;ALM-DEW-ALM;ALM-NEUTRAL-THD
2026-04-12T19:30:00+00:00,654,1300,559.1,21.31,21.26,0.17,DSYA4_L1,15.23,1.003,,1.99,0.9269,0,,0,70,HYP-HARMONIC,ALM-DEW-WARN;ALM-DEW-ALM;ALM-NEUTRAL-THD
2026-04-12T19:45:00+00:00,655,1306,560.8,21.28,20.99,0.06,DSYA4_L1,15.54,1.002,,2.3,0.9311,0,,0,70,HYP-HARMONIC,ALM-DEW-WARN;ALM-DEW-ALM;ALM-NEUTRAL-THD
2026-04-12T20:00:00+00:00,656,1326,566.6,21.16,20.71,-0.04,DSYA4_L1,15.59,1.002,,1.95,0.9338,0,,0,70,HYP-HARMONIC,ALM-DEW-WARN;ALM-DEW-ALM;ALM-NEUTRAL-THD
2026-04-12T20:15:00+00:00,657,1310,561.8,21.26,20.43,-0.15,DSYA4_L1,16.4,1.002,,2.31,0.9375,0,,0,70,HYP-HARMONIC,ALM-DEW-WARN;ALM-DEW-ALM;ALM-NEUTRAL-THD
2026-04-12T20:30:00+00:00,658,1285,554.6,21.4,20.14,-0.26,DSYA4_L1,16.33,1.003,,2.31,0.936,0,,0,70,HYP-HARMONIC,ALM-DEW-WARN;ALM-DEW-ALM;ALM-NEUTRAL-THD
2026-04-12T20:45:00+00:00,659,1265,548.9,21.51,19.85,-0.36,DSYA3_L1,15.68,1.002,,2.43,0.9299,0,,0,70,HYP-HARMONIC,ALM-DEW-WARN;ALM-DEW-ALM;ALM-NEUTRAL-THD
2026-04-12T21:00:00+00:00,660,1260,547.6,21.55,19.56,-0.47,DSYA3_L1,15.56,1.003,,1.94,0.9372,0,,0,70,HYP-HARMONIC,ALM-DEW-WARN;ALM-DEW-ALM;ALM-NEUTRAL-THD
2026-04-12T21:15:00+00:00,661,1230,538.3,21.71,19.27,-0.57,DSYA4_L1,15.21,1.002,,2.77,0.9568,0,,0,70,HYP-HARMONIC,ALM-DEW-WARN;ALM-DEW-ALM;ALM-NEUTRAL-THD
2026-04-12T21:30:00+00:00,662,1193,527.1,21.91,18.98,-0.68,DSYA3_L1,14.39,1.002,,2.05,0.9521,0,,0,70,HYP-HARMONIC,ALM-DEW-WARN;ALM-DEW-ALM;ALM-NEUTRAL-THD
2026-04-12T21:45:00+00:00,663,1150,513.5,22.15,18.7,-0.78,DSYA7_L1,14.07,1.002,,1.91,0.9525,0,,0,70,HYP-HARMONIC,ALM-DEW-WARN;ALM-DEW-ALM;ALM-NEUTRAL-THD
2026-04-12T22:00:00+00:00,664,1128,506.4,22.28,18.41,-0.88,DSYA3_L1,13.34,1.002,,2.01,0.9518,0,,0,70,HYP-HARMONIC,ALM-DEW-WARN;ALM-DEW-ALM;ALM-NEUTRAL-THD
2026-04-12T22:15:00+00:00,665,1058,482.8,22.68,18.14,-0.97,DSYA3_L1,13.16,1.003,,2.05,0.9452,0,,0,70,HYP-HARMONIC,ALM-DEW-WARN;ALM-DEW-ALM;ALM-NEUTRAL-THD
2026-04-12T22:30:00+00:00,666,993.4,460.5,23.05,17.86,-1.07,DSYA3_L1,11.59,1.003,,1.54,0.9501,0,,0,70,HYP-HARMONIC,ALM-DEW-WARN;ALM-DEW-ALM;ALM-NEUTRAL-THD
2026-04-12T22:45:00+00:00,667,920.2,434.1,23.47,17.6,-1.16,DSYA3_L1,10.92,1.003,,1.71,0.9495,0,,0,70,HYP-HARMONIC,ALM-DEW-WARN;ALM-DEW-ALM;ALM-NEUTRAL-THD
2026-04-12T23:00:00+00:00,668,852.5,408.5,23.85,17.34,-1.24,DSYA3_L1,9.87,1.003,,1.49,0.9405,0,,0,70,HYP-HARMONIC,ALM-DEW-WARN;ALM-DEW-ALM;ALM-NEUTRAL-THD
2026-04-12T23:15:00+00:00,669,766.1,374.3,24.34,17.1,-1.32,DSYA3_L1,8.47,1.003,,1.14,0.9418,0,,0,70,HYP-HARMONIC,ALM-DEW-WARN;ALM-DEW-ALM;ALM-NEUTRAL-THD
2026-04-12T23:30:00+00:00,670,683.2,340.1,24.81,16.86,-1.4,DSYA3_L1,7.3,1.003,,1.02,0.9411,0,,0,70,HYP-HARMONIC,ALM-DEW-WARN;ALM-DEW-ALM;ALM-NEUTRAL-THD
2026-04-12T23:45:00+00:00,671,601.1,304.7,25.28,16.64,-1.48,DSYA3_L1,6.14,1.003,,0.84,0.9403,0,,0,70,HYP-HARMONIC,ALM-DEW-WARN;ALM-DEW-ALM;ALM-NEUTRAL-THD
2026-04-13T00:00:00+00:00,672,512.8,264.8,25.78,16.71,-1.45,DSYA1_L1,5.03,1.003,,0.81,0.9363,0,,0,70,HYP-HARMONIC,ALM-DEW-WARN;ALM-DEW-ALM;ALM-NEUTRAL-THD
